id,domain,status,purchase_price,renewal_price,attractiveness,demand,length,registrar,created_at,expires_at,status_verified_at
08015cee-11ea-4b39-a170-cbbfd83405e7,leona.audio,available,104.99,114.99,medium,low,5,namesilo,,,30/09/2026 05:02
e87a033b-05e5-47eb-9083-ec6ab7ef1a44,styles.audio,premium,715,715,high,low,6,dynadot,,,28/09/2026 22:23
1f6cb8ff-2558-4918-837d-e45f1c01fb63,unrestricted.audio,available,103.5,103.5,high,low,12,porkbun,,,02/10/2026 18:09
b82e3be0-bae3-4923-abb5-066895f4be83,donatello.audio,available,104.99,114.99,high,low,9,namesilo,,,02/10/2026 14:52
25c34f69-6d5a-4cf7-89ea-598993f0b11a,intimate.audio,available,104.99,114.99,high,low,8,namesilo,,,25/09/2026 10:27
e5c51ded-396b-415a-a1ed-c466cef0f973,projection.audio,available,104.99,114.99,high,low,10,namesilo,,,22/08/2026 14:54
d56fdc40-a443-44f9-bad3-9c4d060f31ce,lissom.audio,available,104.99,114.99,medium,low,6,namesilo,,,23/08/2026 23:41
ad069d2e-ced9-4995-88ac-3217495b4fc8,radiology.audio,available,103.5,103.5,high,low,9,porkbun,,,30/09/2026 10:55
7f108949-364d-4bda-a179-b370ecb2b5bd,kyiv.audio,available,104.99,114.99,high,low,4,namesilo,,,30/09/2026 13:29
66b16dcc-6ec9-4e76-8adc-9cd3376cb26c,titulary.audio,available,104.99,114.99,medium,low,8,namesilo,,,11/09/2026 16:34
bc2ac35f-764d-4031-b793-19d82fb56cba,interpretive.audio,available,93.35,103.4,high,low,12,spaceship,,,03/10/2026 03:31
2646e8c1-3212-4437-81a1-dee8c7fecc02,contender.audio,available,108.98,159.98,high,low,9,namecheap,,,30/09/2026 16:39
c92d2008-f266-4a8b-80db-81f9e81f7642,wiring.audio,available,93.35,103.4,high,low,6,spaceship,,,30/09/2026 14:45
711fe871-406f-4d8a-be89-5964d9d88acc,atop.audio,available,104.99,114.99,medium,low,4,namesilo,,,28/09/2026 13:10
dc6f3e1e-e9ed-4db5-ab9b-699555f6ed14,hydrography.audio,available,93.35,103.4,high,low,11,spaceship,,,02/10/2026 22:23
5c0d3ec5-e259-4d7a-95db-3afe3bd41f6b,blear.audio,available,104.99,114.99,medium,low,5,namesilo,,,10/08/2026 14:01
4e4b58c8-449b-42d1-b682-3bc1e35f71af,prospering.audio,available,108.98,159.98,medium,low,10,namecheap,,,10/08/2026 19:17
9d9967f5-6de1-46e4-8880-31d7f5a12397,chloride.audio,available,93.35,103.4,high,low,8,spaceship,,,30/09/2026 09:09
4a88f77a-9414-4613-a2c3-7e7e6d987e23,invitations.audio,available,100.2,100.2,medium,low,11,cloudflare,,,29/09/2026 11:30
d686db08-e30c-4d27-ab87-911f7f7dcace,danzig.audio,available,104.99,114.99,medium,low,6,namesilo,,,28/09/2026 09:29
ef3ea9a2-cf02-4642-b43b-0b500ece5ba6,benzol.audio,available,108.98,159.98,high,low,6,namecheap,,,23/09/2026 08:53
302c4fc9-ff5f-49b6-9468-47ea23224878,terminus.audio,available,104.99,114.99,high,low,8,namesilo,,,11/09/2026 11:48
03bcb1e3-fd46-495c-95f6-7a20407e655e,ibidem.audio,available,104.99,114.99,medium,low,6,namesilo,,,15/09/2026 01:34
39b0d8c2-0133-45a4-9a38-8ed89058ac1b,mcdonald.audio,premium,672.95,672.95,high,low,8,spaceship,,,02/10/2026 13:39
8574e0e1-d210-4510-b4f9-ebebd6c96149,cellar.audio,available,108.98,159.98,high,low,6,namecheap,,,22/09/2026 10:16
c7331bd0-421b-4618-8a5d-0f0ca987694a,igor.audio,available,104.99,114.99,high,low,4,namesilo,,,28/09/2026 03:33
8a0120eb-5448-4556-9b2b-c079423e72de,nether.audio,available,104.99,114.99,high,low,6,namesilo,,,12/08/2026 07:29
0f281797-2dec-4dae-a615-16288f5528ae,tracing.audio,available,100.2,100.2,high,low,7,cloudflare,,,30/09/2026 13:25
96e63a51-c58e-4088-83da-4e4ccf006996,aiding.audio,available,100.2,100.2,high,low,6,cloudflare,,,30/09/2026 12:01
7ef56c6b-561a-422e-b59b-c12c75fbac6c,mtr.audio,available,104.99,114.99,high,low,3,namesilo,,,01/10/2026 23:54
e011e33f-2691-4df2-9c66-234bd891a032,bannister.audio,available,104.99,114.99,medium,low,9,namesilo,,,22/09/2026 00:23
a1e817f2-8b9f-46d5-a877-71086919cc94,scalp.audio,available,104.99,114.99,high,low,5,namesilo,,,29/09/2026 08:01
28136ce9-f2bb-442c-8a47-1e142e167b11,excision.audio,available,104.99,114.99,medium,low,8,namesilo,,,16/09/2026 16:06
1efef763-f44d-4fb6-90df-5179c17fc120,acapulco.audio,available,108.98,159.98,high,low,8,namecheap,,,16/09/2026 21:10
9db04f9d-40c4-416b-a0fc-2e49dc30ce5d,allegations.audio,available,100.2,100.2,medium,low,11,cloudflare,,,29/09/2026 11:36
5aa0089c-c063-4917-a36b-0432e9e177b0,trim.audio,available,104.99,114.99,high,low,4,namesilo,,,12/08/2026 10:14
576cbb63-bcac-4618-b6eb-8cbe28f9933d,convolve.audio,available,104.99,114.99,medium,low,8,namesilo,,,13/08/2026 00:01
4f1d53a6-9154-4dbd-b04e-c41099bcf92a,paget.audio,available,93.35,103.4,medium,low,5,spaceship,,,29/09/2026 01:47
f8756584-77ed-4f56-ac4a-fbe205cced19,osteopathic.audio,available,104.99,114.99,high,low,11,namesilo,,,03/10/2026 03:21
e47116d0-8c7d-484c-9c59-398403519bda,swamps.audio,available,93.35,103.4,medium,low,6,spaceship,,,30/09/2026 15:45
976f7a5d-b0f9-4992-885c-66e6650e77dc,activated.audio,available,104.99,114.99,high,low,9,namesilo,,,21/09/2026 16:32
df378431-ebbd-4353-8a11-3dd44421876b,zealously.audio,available,104.99,114.99,medium,low,9,namesilo,,,16/09/2026 11:50
e242b749-9340-4b5e-b4e1-cf502548bb9f,wrought.audio,available,104.99,114.99,high,low,7,namesilo,,,25/08/2026 03:48
c0904de6-0c14-4a49-9d5f-38b3b62eec2e,friendship.audio,available,107.22,107.22,high,low,10,dynadot,,,29/09/2026 19:59
60c79cfa-7b43-40fd-9346-8350dcefd615,grimly.audio,available,104.99,114.99,medium,low,6,namesilo,,,14/09/2026 22:25
23a0b124-b33a-469f-8468-680370914a94,figaro.audio,available,104.99,114.99,high,medium,6,namesilo,,,03/10/2026 03:57
c92c87c1-fb9d-4e1a-a228-112832656e4b,grandkid.audio,available,93.35,103.4,high,low,8,spaceship,,,01/10/2026 07:59
f41d28bc-6152-47c3-b900-c81ab611b2af,dislocated.audio,available,104.99,114.99,medium,low,10,namesilo,,,14/08/2026 11:31
c916e5eb-5013-4864-a581-e356de7c31f9,prop.audio,available,104.99,114.99,high,low,4,namesilo,,,17/09/2026 23:19
8746bfb5-66e0-42e8-8de4-e5fc614b2088,lascivious.audio,available,108.98,159.98,medium,low,10,namecheap,,,22/08/2026 20:04
e1b150d8-616f-400a-9fd0-5c35d1cf97ca,boyd.audio,available,104.99,114.99,high,low,4,namesilo,,,25/09/2026 14:55
356a24eb-2d6f-47f9-8c2d-2942398b6433,ambrosia.audio,available,104.99,114.99,high,low,8,namesilo,,,18/09/2026 17:26
9b3a9773-510d-4601-bcb6-ba93fdfcd5bc,wrench.audio,available,104.99,114.99,high,low,6,namesilo,,,30/09/2026 11:34
85ae3475-bd86-47cf-bb2e-57af3e281878,balancing.audio,available,108.98,159.98,high,low,9,namecheap,,,21/09/2026 20:56
67204683-5e17-42a6-99e9-64f406584421,chromosomes.audio,available,93.35,103.4,medium,low,11,spaceship,,,01/10/2026 00:36
03aee216-1e70-448a-84da-4ea2fd8c4a71,lyme.audio,available,93.35,103.4,medium,low,4,spaceship,,,28/09/2026 21:33
44466a4c-15d2-46f6-ad3e-705dab136e78,beatable.audio,available,104.99,114.99,medium,low,8,namesilo,,,09/08/2026 05:37
e9a71ad0-2785-4ece-8672-4666fc8a738d,aqualung.audio,available,104.99,114.99,medium,low,8,namesilo,,,19/09/2026 22:54
3eaa94db-ed74-4287-b12f-c00f3fdc9777,postpone.audio,available,107.22,107.22,high,low,8,dynadot,,,29/09/2026 08:12
b2577839-046c-4257-93ce-3240bb1b4526,saloons.audio,available,108.98,159.98,medium,low,7,namecheap,,,19/09/2026 22:32
0402c723-a579-4fdc-9edb-4ba4236ff3d6,inquirer.audio,available,104.99,114.99,medium,low,8,namesilo,,,20/09/2026 14:22
2d885b30-ea3c-47d9-b8d4-8fda387e0b47,featured.audio,available,104.99,114.99,high,low,8,namesilo,,,24/09/2026 17:26
702ff253-3035-4d81-9b8e-66fcf94dae2c,rasp.audio,available,104.99,114.99,high,low,4,namesilo,,,19/09/2026 15:15
292b2c7b-c751-498f-b26b-23bfb17e2aef,hymie.audio,available,104.99,114.99,high,medium,5,namesilo,,,10/09/2026 06:16
545bdd52-2a25-4fa7-b659-20ac810bbcf1,clarification.audio,available,104.99,114.99,medium,low,13,namesilo,,,02/10/2026 01:38
b7772c07-d602-441d-9d7a-9999f0fcf513,axelrod.audio,available,100.2,100.2,medium,low,7,cloudflare,,,02/10/2026 20:17
dbfb6528-a2b5-4833-891a-6593c1034da3,unarmed.audio,available,104.99,114.99,medium,low,7,namesilo,,,12/09/2026 01:00
20ffd329-930e-40a8-bcfc-699ed84e6f97,attainment.audio,available,104.99,114.99,high,low,10,namesilo,,,17/09/2026 02:38
488ff600-d538-44a5-9feb-45c1d00d4626,wizened.audio,available,104.99,114.99,high,medium,7,namesilo,,,10/09/2026 07:00
d87b9e9a-8212-4360-b63b-2c2b59eb4307,abortive.audio,available,104.99,114.99,medium,low,8,namesilo,,,
a5010f53-f12c-4ef0-83b0-feca5b41c018,beefeater.audio,available,108.98,159.98,medium,low,9,namecheap,,,23/09/2026 01:09
840bb8ee-a475-47c9-99c7-6560cdd92923,loveless.audio,available,104.99,114.99,medium,low,8,namesilo,,,24/08/2026 10:09
e1ec1d43-2bc1-42f9-b702-6373a6c50398,joan.audio,premium,832,832,high,low,4,namesilo,,,25/09/2026 11:39
2d1e36e4-7b99-4c33-9080-6a2d6dd90310,unduly.audio,available,104.99,114.99,medium,low,6,namesilo,,,16/09/2026 10:01
ff08c7ea-5dce-4057-b6d0-bcd48f840586,libraries.audio,available,104.99,114.99,medium,low,9,namesilo,,,20/09/2026 00:02
7b3682c5-9b43-458e-81c3-b832240d7133,recourse.audio,available,104.99,114.99,high,low,8,namesilo,,,02/10/2026 16:32
e0649574-136a-415d-8a52-ef0f8eab11d9,burman.audio,available,104.99,114.99,high,low,6,namesilo,,,01/10/2026 04:44
91f6a4d2-4501-4aee-b698-89c6883a2e01,barque.audio,available,104.99,114.99,high,low,6,namesilo,,,22/09/2026 07:48
7904acdd-df15-46ef-aac2-26cb49ecae57,eroded.audio,available,104.99,114.99,medium,low,6,namesilo,,,17/08/2026 12:24
c2a11381-66dd-4941-80b6-c441a135b75d,anson.audio,available,93.35,103.4,medium,low,5,spaceship,,,28/09/2026 07:57
f28b845f-df89-4632-a18f-448ba27b2360,diplomacy.audio,available,93.35,103.4,high,low,9,spaceship,,,29/09/2026 15:04
564044b7-3e82-438b-a616-fb6df021c1a3,kentish.audio,available,104.99,114.99,medium,low,7,namesilo,,,02/10/2026 15:53
e1eaccca-b89b-4022-ac40-21029eed2162,pout.audio,available,108.98,159.98,medium,low,4,namecheap,,,18/09/2026 18:12
d3635249-1c61-433f-a539-a05e4911d4c5,grew.audio,available,100.2,100.2,high,low,4,cloudflare,,,30/09/2026 22:49
a3fb1b85-d571-4125-bb0d-fc35d7f8f7ed,hardworking.audio,available,104.99,114.99,high,low,11,namesilo,,,02/10/2026 01:28
dc902083-78d0-4556-b23e-2e99d4a489e1,recycling.audio,available,103.5,103.5,high,low,9,porkbun,,,28/09/2026 20:17
1fb15e02-bcf8-4262-ac80-10e2c340f11c,fractured.audio,available,100.2,100.2,medium,low,9,cloudflare,,,28/09/2026 11:38
8f078ccd-8e0c-4c61-ac51-1954c48cb3ae,penn.audio,premium,2660,2660,high,low,4,namesilo,,,25/09/2026 09:52
4ae4894a-bd80-4f69-8334-736d34e77111,seasonally.audio,available,104.99,114.99,medium,low,10,namesilo,,,16/09/2026 00:48
08702e81-bfdd-4c9a-80f7-ef3cee64f46d,yonkers.audio,available,93.35,103.4,medium,low,7,spaceship,,,02/10/2026 19:44
52965717-f5f4-4459-b0ea-ff8c4d2f023c,warped.audio,available,104.99,114.99,medium,low,6,namesilo,,,13/09/2026 08:27
d6c2b6cc-e38a-4c7d-b5b3-aedda278369b,quaternary.audio,available,104.99,114.99,medium,low,10,namesilo,,,
506ead86-809f-46a9-97fa-84ac5a7c4189,humphrey.audio,available,104.99,114.99,high,low,8,namesilo,,,25/09/2026 14:49
dc4e3dcd-c40d-4ee9-ba3b-4e058cffec76,coplanar.audio,available,104.99,114.99,medium,low,8,namesilo,,,13/08/2026 00:32
f61b9ee1-38e9-4fe7-9629-feaf975c68a2,unaddicted.audio,available,104.99,114.99,medium,low,10,namesilo,,,11/09/2026 23:50
eb21c07f-7685-4c1c-9f80-befd751f59c4,excused.audio,available,104.99,114.99,medium,low,7,namesilo,,,17/08/2026 16:44
810e8bc8-6db6-4494-9094-05f7b2b1a5d5,regan.audio,available,93.35,103.4,high,low,5,spaceship,,,28/09/2026 07:56
505969c0-e07f-4a7f-8f3b-6903286ba42a,irving.audio,available,104.99,114.99,medium,low,6,namesilo,,,25/09/2026 07:50
a2f2921d-4dc9-4967-b303-b85af1cc41c4,althaea.audio,available,108.98,159.98,medium,low,7,namecheap,,,18/09/2026 14:53
97ce3aa5-3b67-4221-9d14-7de5f1feefba,ren.audio,available,104.99,114.99,high,low,3,namesilo,,,29/09/2026 02:51
b9fc44d2-2fe3-4375-837b-984ed542a3d2,penial.audio,available,104.99,114.99,medium,low,6,namesilo,,,08/09/2026 14:23
5237441a-bdc1-44d2-b822-1b1322b2f551,brunette.audio,available,104.99,114.99,medium,low,8,namesilo,,,11/08/2026 06:56
dc267e52-748f-4ee8-b875-48201c31c8cb,adjunct.audio,available,104.99,114.99,high,low,7,namesilo,,,
35f0e4c4-9dbc-4f86-8117-50eab0962cf5,neutrophils.audio,available,100.2,100.2,medium,low,11,cloudflare,,,30/09/2026 14:46
1236c1b6-8077-4554-a1b0-2f704728e7d2,absorbing.audio,available,108.98,159.98,high,low,9,namecheap,,,21/09/2026 15:02
a487674e-dba1-42bd-88eb-715ed32ed9ff,newfound.audio,available,104.99,114.99,medium,low,9,namesilo,,,08/09/2026 04:48
38860a64-a49f-4bc7-ac54-4f62aeefe513,straws.audio,available,104.99,114.99,medium,low,6,namesilo,,,20/09/2026 08:03
3b5d9a54-8d6d-436a-a50e-e126eed4812b,augean.audio,available,104.99,114.99,medium,low,6,namesilo,,,07/08/2026 16:54
4a7c1f0a-37bf-44fe-9186-ba9284fdf812,prickly.audio,available,104.99,114.99,high,low,7,namesilo,,,08/08/2026 17:34
e1f346c8-52d7-45f3-9e95-bd390f029321,clare.audio,available,100.2,100.2,high,low,5,cloudflare,,,29/09/2026 03:17
de6d6bd6-837b-40c4-b331-6937dcb38187,inspection.audio,available,93.35,103.4,high,low,10,spaceship,,,02/10/2026 23:37
3fd915ce-c5a6-4a40-a865-a9a4cd8f58cb,popping.audio,available,93.35,103.4,high,low,7,spaceship,,,30/09/2026 02:36
9e0819d1-0076-4908-86d3-a8d9076439bf,dutchess.audio,available,93.35,103.4,high,low,8,spaceship,,,29/09/2026 21:34
7c82dbf2-a434-40ee-946e-f516b66633f0,apophasis.audio,available,108.98,159.98,medium,low,9,namecheap,,,19/09/2026 19:01
7ae302bb-91a0-4134-be08-bb5ad0b9bbcb,swosh.audio,available,104.99,114.99,high,low,5,namesilo,,,11/09/2026 05:50
a4748eb2-98fe-462f-8307-d1dbd8c026d9,cigars.audio,available,100.2,100.2,medium,low,6,cloudflare,,,29/09/2026 05:22
9a6b7f1c-6d6a-4e13-8d26-e7e50e1055e7,lose.audio,available,104.99,114.99,medium,low,4,namesilo,,,30/09/2026 04:42
b75f81b5-a5aa-40b8-b2ce-f3c864df5094,quiesce.audio,available,108.98,159.98,medium,low,7,namecheap,,,09/09/2026 08:52
21b9c99f-fd9f-4b34-9e09-23e96b17a317,pursuit.audio,available,104.99,114.99,high,low,7,namesilo,,,21/09/2026 09:41
f225e0af-a8e3-45fb-b875-36ad7e8fe9e0,propose.audio,available,93.35,103.4,high,low,7,spaceship,,,30/09/2026 08:54
1275fbd9-3685-444c-baec-bd28d325e2b0,daycare.audio,available,93.35,103.4,high,low,7,spaceship,,,03/10/2026 00:25
c72e7ad8-b3a5-49ab-b9fd-b791f4836823,apothecium.audio,available,104.99,114.99,medium,low,10,namesilo,,,19/09/2026 19:43
8a313f5a-a18f-4ebc-bcdc-0d57342d02a1,nmda.audio,available,104.99,114.99,high,low,4,namesilo,,,02/10/2026 12:45
409ef03d-980a-4a83-abbe-23749c4bec8e,unstoppable.audio,available,93.35,103.4,high,low,11,spaceship,,,01/10/2026 22:05
f6c991a3-a51f-4af4-a577-11c4cd784bfe,tautog.audio,available,104.99,114.99,medium,low,6,namesilo,,,24/09/2026 02:17
8128337b-d54b-4178-b9bb-50c03d893260,burger.audio,available,100.2,100.2,high,low,6,cloudflare,,,29/09/2026 01:52
ce4fd19e-cad2-4eee-938b-052cc7f96b3a,missionary.audio,available,104.99,114.99,high,low,10,namesilo,,,25/08/2026 01:48
cf88482b-6ee4-4e45-ae39-151913620768,uup.audio,available,104.99,114.99,medium,low,3,namesilo,,,20/09/2026 22:18
bb997768-8f3a-4104-951a-1ae5a626f0c5,mikhail.audio,available,104.99,114.99,medium,low,7,namesilo,,,26/09/2026 03:33
a93ac139-5e9d-4dcc-a55b-a186395ae4e0,glut.audio,available,104.99,114.99,high,low,4,namesilo,,,23/09/2026 17:21
ee6b9354-a757-4c99-bdcb-c0438a679aa5,aalst.audio,available,108.98,159.98,medium,low,5,namecheap,,,16/09/2026 13:16
6b70ca99-07b5-4f6a-a501-4644142e6547,dazzling.audio,available,104.99,114.99,high,low,8,namesilo,,,10/08/2026 13:44
1dd4ffbb-97f0-45d7-9ad8-cdfcda5b03e6,rink.audio,available,93.35,103.4,high,low,4,spaceship,,,01/10/2026 03:34
e5a0224c-f406-49b1-b3e6-38f69417f262,nagpur.audio,available,100.2,100.2,medium,low,6,cloudflare,,,01/10/2026 10:00
313c3cfd-f87b-4401-8fc3-9d2568a15704,cfl.audio,available,104.99,114.99,high,low,3,namesilo,,,29/09/2026 20:49
52d3e446-b794-4725-bd69-4ae176fca371,saler.audio,available,93.35,103.4,medium,low,5,spaceship,,,01/10/2026 12:20
87bc7c8d-0f7b-43df-8aef-1225e105a4f8,zane.audio,available,93.35,103.4,high,low,4,spaceship,,,29/09/2026 04:01
238ef16d-fe47-4cd6-bf76-0b6ea7d806c5,numerical.audio,available,104.99,114.99,medium,low,9,namesilo,,,03/09/2026 22:52
5f1393f2-7cea-4c40-a80e-defaaa5f3caf,folksy.audio,available,104.99,114.99,medium,low,6,namesilo,,,13/08/2026 04:22
92649c4e-eacd-4509-84db-2622f30c07e5,seeded.audio,available,104.99,114.99,high,low,6,namesilo,,,10/09/2026 01:43
725b9c4c-6a20-4087-aad3-2b0967009c17,terminals.audio,available,104.99,114.99,medium,low,10,namesilo,,,02/10/2026 03:04
3ec7b6d1-7b36-4325-bd5c-34b69125a2eb,patrol.audio,available,104.99,114.99,high,low,6,namesilo,,,25/09/2026 23:57
e2a49e51-0293-4d73-8acf-0c3ae0693a09,arboreal.audio,available,104.99,114.99,high,low,8,namesilo,,,06/08/2026 13:18
aa24a47e-c241-465d-bab0-5b4a6fca5452,makings.audio,available,104.99,114.99,high,low,7,namesilo,,,20/09/2026 04:27
2de9069d-5acc-4abc-9003-a46552c438e0,minuscule.audio,available,104.99,114.99,high,low,9,namesilo,,,25/09/2026 15:24
118b7c98-f112-439b-b4f9-b94168d5bd9a,subfusc.audio,available,104.99,114.99,medium,low,7,namesilo,,,10/09/2026 23:47
f3cfde59-4c94-4ad6-9060-f8091b93ccfb,flew.audio,available,93.35,103.4,high,low,4,spaceship,,,30/09/2026 22:39
dc7490c2-6250-4e19-a506-9f1244667cae,scripture.audio,available,108.98,159.98,high,low,9,namecheap,,,23/09/2026 12:48
034577e1-8fc0-440a-90a9-ff133be1d4bd,vexatious.audio,available,104.99,114.99,medium,low,9,namesilo,,,
d1bda46b-1f40-4f9c-a3b9-88aeb8360566,vicious.audio,available,104.99,114.99,medium,low,7,namesilo,,,08/08/2026 16:00
bf81f9a7-3ca7-49dc-be36-1c5a54ecdc2e,nebulously.audio,available,104.99,114.99,low,low,10,namesilo,,,15/09/2026 16:18
c81be393-536f-49bd-b9c0-6ac926d921df,whose.audio,available,100.2,100.2,high,low,5,cloudflare,,,30/09/2026 22:25
5d7a8760-195d-4ef9-87a7-c881ef053615,amnesiac.audio,available,108.98,159.98,medium,low,8,namecheap,,,
30ef4f96-e48a-4b15-84da-7032e0d110ac,trotsky.audio,available,107.22,107.22,medium,low,7,dynadot,,,28/09/2026 19:41
319760d9-8509-46b9-bb44-dda29cd16b18,armoracia.audio,available,104.99,114.99,medium,low,9,namesilo,,,20/09/2026 07:23
141ae531-24e5-47ba-b87a-186571904b36,higginson.audio,available,93.35,103.4,medium,low,9,spaceship,,,01/10/2026 02:35
1ffbb217-baba-480f-be0b-4797c2e91978,tsunami.audio,available,93.35,103.4,high,low,7,spaceship,,,01/10/2026 22:00
44c5c9a7-805c-476c-96fe-f169ea094ee9,chios.audio,available,104.99,114.99,medium,low,5,namesilo,,,02/10/2026 23:59
239bddae-7237-447c-a374-ef6a1c0f3a92,nanotubes.audio,available,104.99,114.99,medium,low,9,namesilo,,,02/10/2026 03:01
656381df-947a-4ab1-9c07-eb6f730a63cd,blast.audio,available,104.99,114.99,high,medium,5,namesilo,,,16/09/2026 02:52
818b25f8-516f-43e0-b0d4-69eba9fa19ca,bagley.audio,available,104.99,114.99,medium,low,6,namesilo,,,29/09/2026 22:22
9212746c-a5a2-4594-be98-2b56ef4910d5,cayman.audio,available,93.35,103.4,high,low,6,spaceship,,,02/10/2026 04:14
d14edfc7-903c-42c4-8eb0-7708820f6404,whips.audio,available,104.99,114.99,medium,low,5,namesilo,,,17/09/2026 19:42
85eecf2c-226b-478b-a81d-cd16e406fbbf,leiden.audio,available,104.99,114.99,high,low,6,namesilo,,,25/09/2026 23:25
4bbd2099-4376-4b36-bd7a-435302bbd1f6,actor.audio,available,107.22,107.22,high,low,5,dynadot,,,28/09/2026 02:29
cc4c020a-ed58-4a28-98d3-70d262d95dc0,princess.audio,premium,2070.2,2070.2,high,low,8,spaceship,,,30/09/2026 07:25
2274d17d-2f13-4afa-bb04-10b8e7369670,ruined.audio,available,93.35,103.4,high,low,6,spaceship,,,27/09/2026 16:41
1b7627fc-d835-4e91-a61d-a62f60154779,streetcleaner.audio,available,159.98,,low,low,14,namecheap,,,
f93e455c-4d4b-4199-ae84-452dde6e9b80,milan.audio,available,100.2,100.2,high,low,5,cloudflare,,,29/09/2026 07:37
267b4f28-5e87-42a6-80e0-e6ee11371506,naples.audio,available,93.35,103.4,medium,low,6,spaceship,,,29/09/2026 07:39
4ca31646-8e40-4f1d-8118-005d3b4fc26b,nonionic.audio,available,108.98,159.98,medium,low,8,namecheap,,,03/09/2026 19:33
cf9450b5-8aec-426c-a554-53706c609463,fling.audio,available,93.35,103.4,high,low,5,spaceship,,,29/09/2026 15:22
b2b279bc-ea2c-4a1b-b56e-9c6cafa385b7,hillsboro.audio,premium,832,832,medium,low,9,namesilo,,,29/09/2026 04:37
e8070ba6-8a73-44ad-9ae8-c8018c0f48a6,upwind.audio,available,104.99,114.99,high,low,6,namesilo,,,22/08/2026 22:35
58c847c0-1424-4b03-a14d-89ea83415ee1,devonshire.audio,available,104.99,114.99,medium,low,10,namesilo,,,03/10/2026 00:28
a6773911-2ea0-4efe-b966-8370e506fa8b,reside.audio,available,108.98,159.98,high,low,6,namecheap,,,24/09/2026 23:25
4de947eb-62dc-48f1-9007-9abdc55a5a09,quieted.audio,available,104.99,114.99,medium,low,7,namesilo,,,20/09/2026 16:24
74f81728-5d9f-43e5-b6ce-c5e36e361e13,upgrades.audio,available,107.22,107.22,medium,low,8,dynadot,,,02/10/2026 03:27
a62582be-d7b3-49ec-a72f-897a188bd79e,squirrels.audio,available,104.99,114.99,medium,low,9,namesilo,,,29/09/2026 23:34
0a7c8049-e906-4752-8001-8ccaf5192fbe,oat.audio,available,93.35,103.4,high,low,3,spaceship,,,02/10/2026 16:13
6b3579f0-c3a0-48d8-bc66-c6876f6e80fc,floated.audio,available,93.35,103.4,medium,low,7,spaceship,,,30/09/2026 15:08
1ec3edae-5472-4809-97b9-ee5968fc0d26,babinski.audio,available,108.98,159.98,medium,low,8,namecheap,,,21/09/2026 12:44
7669220a-45c9-4786-9210-a3b099b1913c,tasteful.audio,available,104.99,114.99,high,low,8,namesilo,,,11/09/2026 09:00
c39a922d-b768-4dd7-a43f-b517ede1668e,menopause.audio,available,104.99,114.99,high,low,9,namesilo,,,30/09/2026 16:40
0c6ab171-ba68-4e28-9825-3fee8e5a04ce,corrode.audio,available,108.98,159.98,medium,low,7,namecheap,,,09/09/2026 20:10
bd0806e0-f271-40fd-bad3-42a4657a1121,offending.audio,available,104.99,114.99,medium,low,9,namesilo,,,04/09/2026 01:28
d80a35ab-55ae-4619-87fd-8b9276edd2bd,pusan.audio,available,104.99,114.99,medium,low,5,namesilo,,,02/10/2026 16:27
fe4048f9-e880-434d-a165-4c8043b765cc,elector.audio,available,100.2,100.2,medium,low,7,cloudflare,,,28/09/2026 19:03
6c493104-fa48-4060-90f7-e36e8cd74bf0,ablative.audio,available,104.99,114.99,medium,low,8,namesilo,,,
87ec0fc1-6128-4332-b21c-ac1df6a4d85e,conflicting.audio,available,104.99,114.99,medium,low,11,namesilo,,,30/09/2026 03:55
77ea9c81-fab8-448c-baa5-a742cf2fd67d,arkansan.audio,available,104.99,114.99,medium,low,8,namesilo,,,20/09/2026 06:11
261e0a37-9a28-4e9f-a10b-9c420a39ec75,greg.audio,available,107.22,107.22,high,low,4,dynadot,,,02/10/2026 09:44
e196c11d-af08-4559-875a-f4d5bddb8b70,paper.audio,premium,2070.2,2070.2,high,low,5,spaceship,,,30/09/2026 05:39
4cba69e2-c737-4835-9432-0a916718725d,sympatric.audio,available,104.99,114.99,medium,low,9,namesilo,,,11/09/2026 06:05
12a299dc-88f0-465f-9fd9-dad6abca4c98,shaw.audio,available,104.99,114.99,high,low,4,namesilo,,,19/09/2026 09:59
ef8f2de8-eb82-4581-8b52-4de30d8b8f82,step.audio,available,93.35,103.4,high,low,4,spaceship,,,28/09/2026 17:14
0fa6b27a-ccc9-4104-ab94-055838dbe166,stubbornly.audio,available,104.99,114.99,medium,low,10,namesilo,,,14/09/2026 10:12
975b3d6e-18ff-4b75-b0d1-bd4c7cc45743,arenga.audio,available,104.99,114.99,medium,low,6,namesilo,,,20/09/2026 03:43
7c1fecec-8983-4a0e-93a7-e1ae3735d333,upmarket.audio,available,104.99,114.99,high,low,8,namesilo,,,12/09/2026 23:13
7d6a5337-ae27-4084-b2b1-d5d00f3a3e3d,strongly.audio,available,107.22,107.22,medium,low,8,dynadot,,,28/09/2026 16:33
f48b1d49-6ba5-40a1-bd03-cc7731f96aed,hyderabad.audio,available,93.35,103.4,medium,low,9,spaceship,,,28/09/2026 14:29
abf1136e-bf47-4497-a948-5e9957e03a36,meticulous.audio,available,104.99,114.99,high,low,10,namesilo,,,24/08/2026 22:04
980a72a4-019a-4b90-a379-cf8f401f4268,sausage.audio,available,100.2,100.2,high,low,7,cloudflare,,,30/09/2026 10:39
e60303d4-0282-4128-880e-afba7b02de0c,blew.audio,available,108.98,159.98,medium,low,4,namecheap,,,25/09/2026 11:11
d7ca09ff-195c-46d8-8217-d37be0e180a3,jinnah.audio,available,104.99,114.99,medium,low,6,namesilo,,,02/10/2026 15:52
25228af7-8c58-41ce-a6cf-c005656c6a0a,statistical.audio,available,104.99,114.99,high,low,11,namesilo,,,29/09/2026 14:29
f276957a-2960-4cb8-a1c1-1e68246d288f,had.audio,available,104.99,114.99,high,low,3,namesilo,,,
45845ba9-ea27-49e0-bfa0-673a7646ab0c,abattis.audio,available,104.99,114.99,medium,low,7,namesilo,,,16/09/2026 14:11
239150b9-aad6-4538-a958-714b1925132b,trinitarian.audio,available,108.98,159.98,medium,low,11,namecheap,,,02/10/2026 17:25
290a9bb7-41ce-46cc-97cf-55c507c02a40,beckley.audio,available,104.99,114.99,medium,low,7,namesilo,,,22/09/2026 22:43
29e41f01-e4b7-4918-b2ea-b0af68ef180b,locomote.audio,available,104.99,114.99,medium,low,8,namesilo,,,20/08/2026 15:49
33803be4-6083-4925-b264-2d088c3ca0ed,sixties.audio,available,104.99,114.99,high,low,7,namesilo,,,16/09/2026 12:11
80bfa878-8310-4d45-b940-1a8c35ced9de,dyck.audio,available,107.22,107.22,medium,low,4,dynadot,,,30/09/2026 21:56
4f744559-26fe-42aa-ade1-d8b1865a1bad,applier.audio,available,108.98,159.98,medium,low,7,namecheap,,,19/09/2026 21:54
5e1a1f9f-63bd-4004-bdb3-5e62ac725589,foothills.audio,available,93.35,103.4,medium,low,9,spaceship,,,02/10/2026 02:25
6f084efd-a09a-478e-9045-1b922d8ed5ce,bazar.audio,available,108.98,159.98,high,low,5,namecheap,,,22/09/2026 18:23
5ccafd3d-c5c2-4f7f-9017-3fad9bfb09ec,salving.audio,available,104.99,114.99,medium,low,7,namesilo,,,14/08/2026 01:40
2e97f3fe-ac32-447b-be63-6cb06d24888a,anvers.audio,available,104.99,114.99,medium,low,6,namesilo,,,19/09/2026 15:49
2bcb5a38-3ce8-496f-9ae1-7f75265f76c3,newcastle.audio,available,104.99,114.99,high,low,9,namesilo,,,30/09/2026 10:35
cec53307-ad34-4a74-88e9-d23e89b1fc69,mbit.audio,available,100.2,100.2,medium,low,4,cloudflare,,,02/10/2026 05:49
6ad072db-8600-496c-ae96-45c4687a1f27,avenues.audio,available,93.35,103.4,medium,low,7,spaceship,,,01/10/2026 17:25
58a37468-0677-4624-85b4-f5a7bb29f24d,foiling.audio,available,104.99,114.99,medium,low,7,namesilo,,,11/09/2026 15:16
43fba5f3-8152-496f-8542-effa668833a9,palmate.audio,available,104.99,114.99,medium,low,7,namesilo,,,04/09/2026 23:55
4b655761-68bf-493a-9233-6d7df7047b5e,entree.audio,available,104.99,114.99,high,low,6,namesilo,,,16/09/2026 22:08
cd54129b-7a9a-4dfe-895d-1b926ed8142d,fundamentally.audio,available,93.35,103.4,medium,low,13,spaceship,,,29/09/2026 20:57
6663cf2f-9377-4a33-9f32-b8fa7fb2ec08,devine.audio,available,104.99,114.99,medium,low,6,namesilo,,,28/09/2026 17:34
3aaff4d9-0e19-4865-8a24-4e65f7245605,brighter.audio,available,93.35,103.4,high,low,8,spaceship,,,29/09/2026 10:57
b18ee006-8a6f-4543-9e09-934d69be96ca,blueish.audio,available,104.99,114.99,medium,low,7,namesilo,,,22/09/2026 22:51
3a66dcfe-dcf5-4df1-be1f-f3030a0b3734,pahlavi.audio,available,104.99,114.99,high,low,7,namesilo,,,01/10/2026 03:01
86060a52-989c-49e7-b039-b5e64b47238d,worries.audio,available,93.35,103.4,medium,low,7,spaceship,,,28/09/2026 04:50
365ca4c8-8c9c-44a9-a71a-7c885efca6e5,importantly.audio,available,93.35,103.4,medium,low,11,spaceship,,,01/10/2026 06:18
38fe6e8a-1c6b-499d-a305-193120a29bf3,parlor.audio,available,93.35,103.4,high,low,6,spaceship,,,29/09/2026 07:00
532344b7-87fa-402f-af7a-6ddd86f9bf04,vanderbilt.audio,available,104.99,114.99,high,low,10,namesilo,,,25/09/2026 04:24
b0a3835c-4ef8-435e-ae82-bcf6b1b80c98,pillow.audio,available,93.35,103.4,high,low,6,spaceship,,,28/09/2026 02:55
2494ca65-a9d9-4749-956c-d11a49ea5007,newbury.audio,available,103.5,103.5,medium,low,7,porkbun,,,28/09/2026 03:59
90ada23f-e6c6-4b89-875c-871fb5e4e4ad,geodetic.audio,available,104.99,114.99,medium,low,8,namesilo,,,18/08/2026 22:21
417a91b7-153d-4818-ba63-831a3c60e974,bordello.audio,available,108.98,159.98,medium,low,8,namecheap,,,21/09/2026 18:17
01bea0aa-61f9-428f-8590-f76825f2d5e6,encrusted.audio,available,104.99,114.99,medium,low,9,namesilo,,,13/08/2026 09:24
e9029ae8-675c-4c37-9566-921f9c2b0205,granddaughter.audio,available,104.99,114.99,high,low,13,namesilo,,,30/09/2026 22:09
29e5df59-e2a5-470a-99f4-aac57a7ec888,rio.audio,available,104.99,114.99,high,low,3,namesilo,,,28/09/2026 03:02
e20f38bf-16e5-47bd-b424-b73530c0dbd9,cheerio.audio,available,104.99,114.99,high,low,7,namesilo,,,17/09/2026 08:13
7ee395fa-9214-4457-9064-39a1e0334385,fished.audio,available,93.35,103.4,medium,low,6,spaceship,,,01/10/2026 00:50
e944f5c5-31d7-4ae8-878a-464649f32d09,erased.audio,available,104.99,114.99,high,low,6,namesilo,,,29/09/2026 10:26
465e5e59-044f-4834-8a8c-c95dfb782c8d,shin.audio,available,100.2,100.2,high,low,4,cloudflare,,,29/09/2026 09:47
d0f6c69e-637a-452d-a2d1-e72f56dec90c,fantasies.audio,available,93.35,103.4,low,low,9,spaceship,,,28/09/2026 23:52
e543cdf0-386d-4802-898d-43ac39269f29,anomia.audio,available,104.99,114.99,medium,low,6,namesilo,,,18/09/2026 22:21
83fabfc2-e6d1-432b-8858-1de25a0bec6c,chemic.audio,available,104.99,114.99,medium,low,6,namesilo,,,12/08/2026 04:12
5944304c-9a89-4a0d-aad3-19508add54c5,aziz.audio,available,107.22,107.22,high,low,4,dynadot,,,28/09/2026 07:37
77ed07ba-a33c-409d-9186-9fd1043e98d1,keypress.audio,available,159.98,,high,low,9,namecheap,,,
6a32b196-3646-4242-81de-5019332fb095,restaurant.audio,available,100.2,100.2,high,low,10,cloudflare,,,29/09/2026 08:14
ace41cfc-bb74-4c65-9692-d7066f071a9c,ninth.audio,available,104.99,114.99,high,low,5,namesilo,,,
378f367a-5f90-4c3e-a03e-fd6df98de8c7,stripling.audio,available,104.99,114.99,medium,low,9,namesilo,,,
57131df0-b2d3-4e79-a1a3-cceb8cb78cae,monarchy.audio,available,104.99,114.99,high,low,8,namesilo,,,29/09/2026 13:28
6fc0771c-f673-4f99-9612-31957c3d71ed,providing.audio,available,100.2,100.2,high,low,9,cloudflare,,,28/09/2026 07:19
1fa43ed5-732d-40c6-9e9b-70e7ffb6dc53,lammas.audio,available,104.99,114.99,medium,low,6,namesilo,,,21/09/2026 03:43
a4c7a6d4-d857-4f0a-b066-13c239975b8e,veracious.audio,available,104.99,114.99,medium,low,9,namesilo,,,13/09/2026 02:19
37b15706-ce42-4493-8ab0-e09008f5f755,nitrous.audio,available,104.99,114.99,high,low,7,namesilo,,,08/08/2026 03:03
9d639f51-5aa0-4a50-8558-62545d81a387,employees.audio,available,104.99,114.99,medium,low,9,namesilo,,,27/09/2026 02:50
f1b62cd7-76cb-4f5a-99c7-a907844ea879,ketonemia.audio,available,104.99,114.99,medium,low,9,namesilo,,,17/09/2026 00:10
960fd64c-ab1a-40ca-b0ae-cfdeef579cd2,aerator.audio,available,104.99,114.99,medium,low,7,namesilo,,,17/09/2026 12:47
5ad6d78d-3c6f-4a97-b521-ca56098e483b,tuneful.audio,available,104.99,114.99,high,low,7,namesilo,,,24/08/2026 19:43
85112331-a227-40d6-b527-a714783e9cb4,howie.audio,available,93.35,103.4,medium,low,5,spaceship,,,29/09/2026 22:05
3a24178a-80f0-42b2-a834-966c1d8b89c8,breda.audio,available,107.22,107.22,medium,low,5,dynadot,,,30/09/2026 21:05
e8ee130d-c3a0-4728-8abd-638d5d028b1a,ghostlike.audio,available,104.99,114.99,medium,low,9,namesilo,,,06/08/2026 05:23
a66f9933-feda-4af8-9158-6f1fffaee6e5,supply.audio,available,104.99,114.99,high,low,6,namesilo,,,28/09/2026 08:29
72fdca0d-4026-4ac2-8e96-7a4cff1fe692,samsung.audio,premium,2070.2,2070.2,high,high,7,spaceship,,,28/09/2026 21:35
00da0b2e-c96e-41df-9b22-740ba4ef8ed0,muzzy.audio,available,104.99,114.99,medium,low,5,namesilo,,,10/08/2026 16:24
a285c81c-225e-4504-8624-7bf11d61e3bd,angela.audio,available,104.99,114.99,high,low,6,namesilo,,,25/09/2026 13:41
504a96b6-3479-469a-bd92-d399788ca423,pulpy.audio,available,104.99,114.99,high,medium,5,namesilo,,,09/09/2026 05:57
8befdfca-6351-43a3-a06f-a219dfee019c,contemporary.audio,available,104.99,114.99,high,low,12,namesilo,,,28/09/2026 15:37
345876db-de2c-4581-ac38-edec675f0ac2,recife.audio,available,93.35,103.4,high,low,6,spaceship,,,01/10/2026 21:15
c4b31824-26a1-427d-8073-e2e1f87701f3,catania.audio,available,93.35,103.4,medium,low,7,spaceship,,,29/09/2026 23:03
67ba0d7e-447a-418a-91b3-ed753efd7576,deported.audio,available,104.99,114.99,low,low,8,namesilo,,,29/09/2026 16:30
5abf7f3b-4c7c-49bf-99b0-99e2b54d03dd,chicken.audio,available,299.99,299.99,high,low,7,name.com,,,23/09/2026 14:11
28fb0e67-64b0-4dcc-ac2a-e2e184821f47,embargo.audio,available,100.2,100.2,high,low,7,cloudflare,,,02/10/2026 04:43
11001283-e417-480f-ae7b-106a60f8c228,negligence.audio,available,107.22,107.22,high,low,10,dynadot,,,29/09/2026 07:40
cba1a477-14c9-438a-889f-b26ac971aa73,loft.audio,premium,2600,2600,high,low,4,namecheap,,,22/09/2026 11:37
4cb7f9ad-6eae-42dd-85d8-67be3139dc32,dublin.audio,available,93.35,103.4,high,low,6,spaceship,,,29/09/2026 18:12
0d9d1740-4670-4434-a5ff-79d536c76fd8,tokens.audio,available,104.99,114.99,high,medium,6,namesilo,,,19/09/2026 22:34
e357eef4-e062-45fc-a0cb-2b337ab9ca9e,luxuriant.audio,available,104.99,114.99,high,low,9,namesilo,,,15/08/2026 22:14
cda97bb1-000f-4366-935c-e7eaf25489b9,burnett.audio,available,108.98,159.98,medium,low,7,namecheap,,,25/09/2026 03:44
0297ee55-3ff9-4b07-8608-aafe3c5fd685,grubby.audio,available,104.99,114.99,medium,low,6,namesilo,,,09/08/2026 09:31
4be3d2bc-36d7-410a-bc1c-ec3c9f0f20e5,lofty.audio,available,104.99,114.99,high,low,5,namesilo,,,17/08/2026 15:42
0a771fa1-c525-4494-b076-9845fafcde5d,aftercare.audio,available,104.99,114.99,high,low,9,namesilo,,,17/09/2026 15:35
6435a47d-881d-4fee-837b-bfa8aa3b2735,repetition.audio,available,93.35,103.4,high,low,10,spaceship,,,30/09/2026 02:41
ce0bddeb-01a5-41d2-ba71-5f22556d5ceb,chive.audio,available,104.99,114.99,high,low,5,namesilo,,,18/09/2026 11:28
b6ece201-932a-4c35-b6e1-d531f2a1dd4c,fisheye.audio,available,104.99,114.99,high,low,7,namesilo,,,18/08/2026 05:28
826f9bc8-ce2a-488f-abef-9ac7b957888a,birder.audio,available,108.98,159.98,high,low,6,namecheap,,,23/09/2026 20:38
c3371134-6fa3-4884-800c-1e84f1646c63,anew.audio,available,108.98,159.98,high,low,4,namecheap,,,13/09/2026 18:03
b70448c5-400f-469d-b55b-dc7ba1e51b33,alton.audio,available,104.99,114.99,high,low,5,namesilo,,,27/09/2026 07:13
52de45da-7bda-461c-8a1b-f27d981cefbe,hope.audio,available,104.99,114.99,high,medium,4,namesilo,,,24/09/2026 06:22
c82c280b-9445-47c9-846e-50a7a008a100,audiometry.audio,available,104.99,114.99,high,low,10,namesilo,,,21/09/2026 02:58
b2621920-960d-49bc-91d1-cc7e1f91b479,moistly.audio,available,104.99,114.99,low,low,7,namesilo,,,14/09/2026 10:31
4ae2f5c1-b158-4e6c-93f1-9f676b0f18ba,adm.audio,premium,2660,2660,high,low,3,namesilo,,,03/10/2026 04:02
008def98-1ea9-483b-a1fa-4d84711605ae,alkaloid.audio,available,104.99,114.99,medium,low,8,namesilo,,,18/09/2026 08:21
c8c44eb1-a0c7-4321-a20c-bc6769019249,andantino.audio,available,104.99,114.99,high,low,9,namesilo,,,
887ba07f-26ca-48ec-81a4-7e5120e30895,godfrey.audio,available,108.98,159.98,high,low,7,namecheap,,,25/09/2026 18:26
9ded167c-2f99-461d-939c-b564f7d51f89,professions.audio,available,104.99,114.99,medium,low,11,namesilo,,,19/09/2026 22:50
cb06b61a-d1fc-4d49-909e-3bcd552aa312,commonsense.audio,available,104.99,114.99,high,low,12,namesilo,,,
c199e7e1-6406-46ce-a122-a3c4570e22a3,left.audio,available,104.99,114.99,high,low,4,namesilo,,,25/09/2026 13:25
0717385b-7f00-484e-a3df-261f01500f40,hairy.audio,available,108.98,159.98,high,low,5,namecheap,,,24/09/2026 23:10
a2fc1af0-bcc5-48c2-ae7b-22dedfb04845,adventurer.audio,available,104.99,114.99,high,low,10,namesilo,,,17/09/2026 10:41
1ab481b2-2d9d-4349-b127-4e2e9c7e106f,under.audio,available,93.35,103.4,high,low,5,spaceship,,,28/09/2026 09:43
8fddcca9-b535-4304-b6b4-3b2ffd97217b,senate.audio,available,93.35,103.4,medium,low,6,spaceship,,,28/09/2026 10:53
08bce661-c3f3-463d-babd-890d10717b41,steamy.audio,available,104.99,114.99,medium,low,6,namesilo,,,21/08/2026 14:12
2a170a40-285f-48ae-b48e-af194ebcefc7,veins.audio,available,100.2,100.2,medium,low,5,cloudflare,,,28/09/2026 08:48
4debb0e6-9275-4c72-92ea-f46e7a61b12b,holloway.audio,available,104.99,114.99,high,low,8,namesilo,,,26/09/2026 03:22
62867a35-34fa-41d2-acf6-c6009c53642e,advantageous.audio,available,93.35,103.4,high,low,12,spaceship,,,02/10/2026 17:31
daa86ab3-e72e-4c76-8de9-28bdb58c2e4a,marduk.audio,available,104.99,114.99,medium,low,6,namesilo,,,21/09/2026 12:06
4cdcfdd1-cb70-4e43-b1de-f7cd2297bc8b,carle.audio,available,108.98,159.98,medium,low,5,namecheap,,,03/10/2026 03:51
b962114f-e5ac-4873-98a9-a29da98a356c,philia.audio,available,104.99,114.99,high,low,6,namesilo,,,17/09/2026 14:21
cb1b4c79-cfce-491c-9202-e0b7680e4636,annuity.audio,available,108.98,159.98,high,low,7,namecheap,,,19/09/2026 10:58
fbcf9513-a5f7-4a2b-a1cf-a63b6001d2cb,gassy.audio,available,104.99,114.99,medium,low,5,namesilo,,,12/08/2026 16:36
3a2ab5dd-a07a-4bca-9770-def40e3c1fab,skull.audio,available,104.99,114.99,high,low,5,namesilo,,,26/09/2026 00:19
73198655-93fe-4875-81c0-b0904b85d931,cabbage.audio,available,104.99,114.99,high,low,7,namesilo,,,29/09/2026 03:24
7dc3c5eb-38e3-438c-8d12-b4737e93a1c0,nearest.audio,available,107.22,107.22,medium,low,7,dynadot,,,28/09/2026 14:05
19fa322f-e094-405a-ab7b-38a1c38c8ea7,gory.audio,available,104.99,114.99,medium,low,4,namesilo,,,10/08/2026 15:23
c60dae40-8d32-41d3-aa0f-b98f59decd2e,course.audio,available,100.2,100.2,high,low,6,cloudflare,,,01/10/2026 08:17
e1326e16-9476-4f2c-8799-02fa47785b7c,thespian.audio,available,104.99,114.99,high,low,8,namesilo,,,11/09/2026 13:05
a9767eb4-a147-4d9e-855f-4ccecf602bd5,ferny.audio,available,104.99,114.99,medium,low,5,namesilo,,,18/08/2026 02:00
62f4e91f-c625-4a35-a6c0-080ab6ae64da,money.audio,resell,159.98,,high,medium,5,"NameCheap, Inc.",17/04/2026 23:25,17/04/2027 23:59,30/09/2026 05:05
98def862-0359-4703-94f5-7887d023f3ef,sails.audio,available,104.99,114.99,high,low,5,namesilo,,,28/09/2026 23:18
9a87cf92-d428-4c83-8d1f-95d9fa7f148a,unlv.audio,available,100.2,100.2,high,low,4,cloudflare,,,02/10/2026 10:51
8387375c-fd04-457f-959c-4c545e61b637,servile.audio,available,104.99,114.99,medium,low,7,namesilo,,,10/09/2026 04:55
18c72642-8f70-4eb4-9066-de7775b393b3,sue.audio,available,93.35,103.4,high,low,3,spaceship,,,28/09/2026 18:04
9bd896be-acee-418f-b95c-79fdcc5fc592,unloved.audio,available,104.99,114.99,medium,low,7,namesilo,,,12/09/2026 15:10
c9b01144-0e71-47b4-b28c-a837f269180e,blm.audio,available,107.22,107.22,high,low,3,dynadot,,,29/09/2026 09:47
cdc31d6a-f906-4c20-bc4b-963cbc15e3d6,spaceship.audio,premium,2600,2600,high,medium,9,namecheap,,,29/09/2026 08:05
bb56861d-3595-4b94-a51f-aef8ea4d04ce,gilbert.audio,available,104.99,114.99,high,low,7,namesilo,,,18/08/2026 23:22
b8361fa7-df46-4064-a5b6-59d45fda9a82,ackerman.audio,available,93.35,103.4,medium,low,8,spaceship,,,28/09/2026 18:14
5f085a78-e6c2-47a6-bf83-901be670a3f2,signs.audio,premium,2600,2600,high,low,5,namecheap,,,17/09/2026 04:39
64318b30-3265-4f8c-a8b3-3f81648176c3,belting.audio,available,104.99,114.99,high,low,7,namesilo,,,23/09/2026 07:06
e22b2114-00c7-47bb-aa5f-319372ca437e,flavored.audio,available,93.35,103.4,high,low,8,spaceship,,,03/10/2026 03:19
906d84b1-b42f-403e-9635-f922afd82e91,monday.audio,available,93.35,103.4,high,low,6,spaceship,,,30/09/2026 05:01
f8b293aa-2e20-450d-a46e-6266b4f99a87,jets.audio,premium,2070.2,2070.2,high,low,4,spaceship,,,28/09/2026 12:04
138e24fe-94a7-4b66-8de2-a77623ea382e,scaled.audio,available,104.99,114.99,high,low,6,namesilo,,,09/09/2026 22:20
1abadcc3-c5ed-45bd-a383-5fde922c770d,actuarial.audio,available,108.98,159.98,medium,low,9,namecheap,,,
325e6b31-b3b7-44f9-9dcf-63bd101fe63e,jaipur.audio,available,104.99,114.99,high,low,6,namesilo,,,30/09/2026 20:47
4d09e6e5-0ed4-4f61-a7fc-56a54bc0c64e,squirrel.audio,available,104.99,114.99,high,low,8,namesilo,,,30/09/2026 11:45
4b9763a1-6ae3-46f6-8180-699ea0c3ff48,martinsburg.audio,available,108.98,159.98,medium,low,11,namecheap,,,02/10/2026 10:33
3d918445-9d9c-45f9-a62d-f844d4dfe1fb,irani.audio,available,104.99,114.99,high,low,5,namesilo,,,22/08/2026 09:42
cee3ab4e-be5d-4345-bca2-f655c4032e3e,humankind.audio,available,104.99,114.99,high,low,9,namesilo,,,02/10/2026 05:22
c536d974-d205-485c-9f77-4219f1a4c70a,nigra.audio,available,103.5,103.5,medium,low,5,porkbun,,,30/09/2026 02:04
110730c6-4069-4b97-ad27-35d5ff57c586,observe.audio,available,104.99,114.99,high,low,7,namesilo,,,25/09/2026 23:53
3666b2de-658d-4373-8f8e-3f570527921a,played.audio,available,108.98,159.98,high,low,6,namecheap,,,27/09/2026 04:03
ea453f46-4c37-4572-93ee-086fad59eb92,barb.audio,available,104.99,114.99,high,low,4,namesilo,,,22/09/2026 04:14
1fb21b17-28d7-4d07-a3fe-b7bb92b51d90,admits.audio,available,93.35,103.4,medium,low,6,spaceship,,,29/09/2026 10:40
1c240d8c-028a-4b6a-b4cc-a816edeb5453,truckee.audio,available,107.22,107.22,medium,low,7,dynadot,,,02/10/2026 20:55
7ba61c3b-ae48-4434-8b32-108e7eca3649,osseous.audio,available,108.98,159.98,medium,low,7,namecheap,,,04/09/2026 18:18
d7704f4d-3092-4894-9f6d-6458187eb385,amongst.audio,available,104.99,114.99,medium,low,7,namesilo,,,01/10/2026 00:29
901e2326-de8c-403b-ae0d-5b07f670e413,bridgeable.audio,available,104.99,114.99,medium,low,10,namesilo,,,11/08/2026 04:00
ee6d68a6-57c5-43f5-8e19-85dacdde6b16,adults.audio,available,104.99,114.99,medium,low,6,namesilo,,,27/09/2026 09:52
22736191-cff4-4c98-9267-f9569913625b,mckinley.audio,available,104.99,114.99,high,low,8,namesilo,,,25/09/2026 04:51
e724ec31-a845-4c33-87d7-f74eb6dede08,musique.audio,available,107.22,107.22,high,low,7,dynadot,,,29/09/2026 10:25
ef5b0c1d-d393-4832-9320-d31a5d19c1e6,flee.audio,available,93.35,103.4,high,low,4,spaceship,,,30/09/2026 19:54
4825b8af-56d9-4e49-b100-12a8d233f47d,grenadines.audio,available,104.99,114.99,high,low,10,namesilo,,,02/10/2026 00:31
be671a13-2b48-4c61-b83f-1ca0933d4fbf,voter.audio,available,107.22,107.22,high,low,5,dynadot,,,29/09/2026 17:52
c14db380-a5ec-482d-a0c9-fecbca0e1ce3,skimmed.audio,available,104.99,114.99,medium,low,7,namesilo,,,10/09/2026 09:34
61f41b66-efc7-4a1e-b3ae-f877917b0144,clinically.audio,available,93.35,103.4,medium,low,10,spaceship,,,28/09/2026 13:58
a2865360-444d-4b04-ab6e-8a838d2666ff,simpler.audio,available,108.98,159.98,high,low,7,namecheap,,,01/10/2026 21:22
383d226a-4683-4313-844d-e5b5e06d946a,caesarea.audio,available,103.5,103.5,medium,low,8,porkbun,,,30/09/2026 08:53
81f28843-babe-4527-802a-af6c3584d985,waken.audio,available,104.99,114.99,high,low,5,namesilo,,,08/08/2026 00:08
4495e651-94aa-4846-80bf-22903280ed0b,frilly.audio,available,104.99,114.99,medium,low,6,namesilo,,,18/08/2026 15:51
d67ad4cd-f767-4837-a097-1fadacb08bcb,synthesizer.audio,available,104.99,114.99,high,low,11,namesilo,,,01/10/2026 04:34
d2a5626f-4ab1-4067-a5d7-4075aed51451,yuki.audio,available,93.35,103.4,high,low,4,spaceship,,,01/10/2026 07:57
ace9520c-772d-4ada-8f8d-29ce1557987f,imply.audio,available,100.2,100.2,high,low,5,cloudflare,,,29/09/2026 00:48
f019b7f9-f165-4831-939d-f03d49166d24,wretched.audio,available,104.99,114.99,medium,low,8,namesilo,,,14/08/2026 04:09
bd7f5198-f286-4dc0-ba6b-ed62c1ea3537,lateral.audio,available,108.98,159.98,high,low,7,namecheap,,,22/08/2026 20:34
2855fb2a-6f3f-4954-936f-74c607490656,bihar.audio,available,108.98,159.98,high,low,5,namecheap,,,23/09/2026 15:31
cff3a284-301d-4918-b618-1c6521ea0788,uninviting.audio,available,104.99,114.99,medium,low,10,namesilo,,,12/09/2026 13:39
40a6c54b-d0ae-4a42-aa25-89fb09432c04,spe.audio,available,93.35,103.4,high,low,3,spaceship,,,01/10/2026 04:54
30e9d20b-3bcd-4f39-9ba4-c0f325185de0,soaring.audio,available,104.99,114.99,high,medium,7,namesilo,,,10/09/2026 12:58
8f92d8fa-54fb-49ff-85b3-efe6ee79c2e1,finis.audio,available,104.99,114.99,high,low,5,namesilo,,,12/08/2026 12:06
db0db47a-6446-41f8-9de5-f50bf43c6d3e,ergonomic.audio,available,104.99,114.99,high,low,9,namesilo,,,17/08/2026 12:11
1edd3408-fe30-4bba-8207-4e3dd6edbd98,swab.audio,available,104.99,114.99,medium,low,4,namesilo,,,03/10/2026 00:23
dc71219b-6863-4d6d-b645-c5f33776bbcf,scarecrow.audio,available,104.99,114.99,high,low,9,namesilo,,,23/09/2026 19:41
d5cf77c9-0181-423c-8b98-2f9fb4dc38b1,vexed.audio,available,104.99,114.99,medium,low,5,namesilo,,,21/08/2026 00:15
439275b2-c665-44cf-9844-dbd29c919173,pimiento.audio,available,108.98,159.98,medium,low,8,namecheap,,,23/09/2026 05:38
a8b05027-f1ca-4ea5-bccf-7d6039bbaf73,bearable.audio,available,104.99,114.99,medium,low,8,namesilo,,,09/08/2026 04:27
16966cf4-b5f8-461c-a58d-278859a6f96f,indisposed.audio,available,108.98,159.98,medium,low,10,namecheap,,,
ae15d5f8-a03a-4ff6-84f3-4f82b9b2f1b9,fan.audio,available,104.99,114.99,high,medium,3,namesilo,,,23/09/2026 10:11
74515c0a-d752-4866-9c66-9f93cdd6c4e7,knot.audio,available,93.35,103.4,high,low,4,spaceship,,,28/09/2026 19:37
3183d284-3552-4ce9-83c4-d37b03f50307,yummy.audio,available,104.99,114.99,high,low,5,namesilo,,,14/08/2026 00:26
207791fa-bc27-477f-bc68-3046c30ef0e8,eviction.audio,available,104.99,114.99,high,low,8,namesilo,,,24/09/2026 17:35
eaa0efd5-370c-42f9-8ce3-364866349beb,unifying.audio,available,104.99,114.99,high,low,8,namesilo,,,12/08/2026 22:44
bc8ad440-843e-4da5-8f2e-b504e824c259,pierogi.audio,available,104.99,114.99,high,low,7,namesilo,,,17/09/2026 14:55
8353a1f3-a544-484a-8ece-9a7be233b4a5,nettie.audio,available,103.5,103.5,high,low,6,porkbun,,,02/10/2026 07:37
e6d7ec33-21b7-4b1b-9e3f-35986b27b7bc,madeline.audio,premium,672.95,672.95,high,low,8,spaceship,,,29/09/2026 03:55
a79cba2c-5295-4229-bafe-d6a34f7c89f8,cana.audio,available,104.99,114.99,high,low,4,namesilo,,,01/10/2026 23:47
d1d57959-c5f2-4bbd-9e32-dae9ac3d935b,wall.audio,premium,845,845,high,low,4,namecheap,,,02/10/2026 12:49
ee78411c-9694-4c13-a7cb-353790920f5e,ruin.audio,available,104.99,114.99,high,low,4,namesilo,,,08/08/2026 13:39
7875e855-b855-4951-ad85-0b06532377ba,calculous.audio,available,104.99,114.99,medium,low,9,namesilo,,,11/08/2026 14:05
028fbc52-8046-4913-9314-6cb935fc48d9,maximilian.audio,available,104.99,114.99,high,low,10,namesilo,,,27/09/2026 07:16
e3dc485a-2c37-457b-94e1-1397c4c31d82,affiliated.audio,available,104.99,114.99,high,low,10,namesilo,,,
3acc418b-a274-4170-809e-53b4292a9ee4,ignacio.audio,available,104.99,114.99,medium,low,7,namesilo,,,28/09/2026 08:56
e8404227-c96b-459a-b275-ba0080e2b7c2,comedo.audio,available,108.98,159.98,medium,low,6,namecheap,,,24/09/2026 02:47
9db683b9-5d26-47d7-8741-77b2feabee53,responding.audio,available,100.2,100.2,high,low,10,cloudflare,,,28/09/2026 07:25
fb6e4a5b-83fa-4cfb-b6eb-de31b6ad2fce,bentley.audio,premium,2660,2660,high,high,7,namesilo,,,25/09/2026 11:12
37216505-fec4-46cb-b43a-1996a0067c33,abelard.audio,available,108.98,159.98,medium,low,7,namecheap,,,16/09/2026 14:59
65d5173d-94da-47e4-9982-cc3e1c7ddad2,countries.audio,available,100.2,100.2,medium,low,9,cloudflare,,,03/10/2026 00:52
df0b458f-9b28-427e-a47a-5c74f5f47b1c,nippy.audio,available,104.99,114.99,high,low,5,namesilo,,,03/09/2026 17:42
757db50c-b9af-4c0b-8c42-0d77e21915fd,assail.audio,available,104.99,114.99,medium,low,6,namesilo,,,20/09/2026 15:49
65bf8778-91b4-4c70-bf9f-9f065b35f729,yisrael.audio,available,103.5,103.5,medium,low,7,porkbun,,,01/10/2026 20:06
17e11f14-2ea0-4f64-88cc-609734b05fbd,held.audio,available,104.99,114.99,high,low,4,namesilo,,,21/08/2026 06:19
03219234-c065-46a6-8158-bf06e5b0f375,exulting.audio,available,108.98,159.98,high,low,8,namecheap,,,17/08/2026 19:44
cfb724b3-d635-4065-a03b-587a573f5ce7,prized.audio,available,100.2,100.2,high,low,6,cloudflare,,,30/09/2026 03:57
6889f342-722a-4f0b-98a0-d1c99e2367aa,unabridged.audio,available,104.99,114.99,medium,low,10,namesilo,,,11/09/2026 23:28
dd388734-886b-4d4e-8a63-d8a367a41159,likelihood.audio,available,93.35,103.4,high,low,10,spaceship,,,29/09/2026 01:35
1a4b3253-69aa-417e-b508-bec2d95a94ba,damages.audio,available,108.98,159.98,high,low,7,namecheap,,,18/09/2026 18:40
0ff5f343-082b-4819-9a88-55ae3b2a7c36,passel.audio,available,104.99,114.99,medium,low,6,namesilo,,,25/08/2026 00:35
cf1b1f2b-4029-485f-bd8c-3d4aedb2e149,frustration.audio,available,104.99,114.99,medium,low,11,namesilo,,,28/09/2026 17:13
807d254f-c864-487d-a843-fc5cf0606eb7,bruise.audio,available,100.2,100.2,medium,low,6,cloudflare,,,29/09/2026 04:45
f4bce956-af97-4afe-9109-27ecb940f7cf,addictive.audio,available,104.99,114.99,high,low,9,namesilo,,,21/09/2026 17:08
c12a77b2-1e62-4c8b-b6cc-c2a696030e8e,fest.audio,available,103.5,103.5,high,low,4,porkbun,,,03/10/2026 02:41
103c4497-6ca5-4272-8b21-2948f9ae300f,encounters.audio,available,104.99,114.99,medium,low,10,namesilo,,,29/09/2026 17:37
a0011e36-d2fe-440c-96ba-a4156a6686b8,monocled.audio,available,104.99,114.99,medium,low,8,namesilo,,,09/08/2026 17:15
990d7896-a29b-4652-9f70-485a13fa3921,sneak.audio,available,104.99,114.99,high,low,5,namesilo,,,23/09/2026 12:44
e8c48e9d-8ec6-4371-a96c-000967f87de4,functioning.audio,available,100.2,100.2,medium,low,11,cloudflare,,,28/09/2026 21:19
de9de43c-6495-4d90-ae84-f78785a631ee,plumy.audio,available,104.99,114.99,medium,low,5,namesilo,,,18/08/2026 00:25
969ff9d8-58c9-4d92-bcd4-882f7fc3504c,aldous.audio,available,107.22,107.22,medium,low,6,dynadot,,,03/10/2026 04:17
b4f1c2b5-1cec-47a4-97c9-61e580312ab9,choosing.audio,available,104.99,114.99,high,low,8,namesilo,,,28/09/2026 03:32
3d093fdb-d4b5-4b89-af34-cef570596a52,britten.audio,available,104.99,114.99,medium,low,7,namesilo,,,23/09/2026 08:15
ddfadad4-6697-48a0-af08-4fa0b6b6be5d,khakis.audio,available,100.2,100.2,high,low,6,cloudflare,,,30/09/2026 01:17
d82a7659-3672-454e-a031-2127b5ddaf00,todos.audio,available,100.2,100.2,medium,low,5,cloudflare,,,02/10/2026 22:55
d5af5459-3711-4ba7-8e1d-5e1153ae9d92,put.audio,available,104.99,114.99,high,low,3,namesilo,,,25/09/2026 13:13
db79c4f4-1497-4f72-89b3-b4647127f9a7,merry.audio,available,104.99,114.99,high,low,5,namesilo,,,11/08/2026 04:28
9380a8df-24b9-40cf-a059-01243dd1fbca,coronation.audio,available,93.35,103.4,high,high,10,spaceship,,,30/09/2026 01:06
836f1d51-4e59-4fee-851e-4e47c66f0367,untethered.audio,available,108.98,159.98,medium,low,10,namecheap,,,12/09/2026 21:16
888db249-6685-45e7-b657-6bbe14133646,chelonian.audio,available,104.99,114.99,low,low,9,namesilo,,,12/08/2026 04:08
5d63437f-9877-4d31-b7e0-a667a3ed9f04,relaxed.audio,available,104.99,114.99,high,low,7,namesilo,,,09/09/2026 13:24
58064f5a-19e0-45a1-88dd-da7c2ee28a01,acanthurus.audio,available,108.98,159.98,medium,low,10,namecheap,,,16/09/2026 20:58
14462fcb-46f9-4fbd-9442-6742dd7e428f,carl.audio,available,104.99,114.99,high,medium,4,namesilo,,,25/09/2026 11:30
e51a4350-94c5-4d3d-8061-873b820eaa0a,peccable.audio,available,104.99,114.99,medium,low,8,namesilo,,,08/09/2026 11:30
eb3853c2-308a-4b87-a858-88aa79c9ca58,foi.audio,available,107.22,107.22,high,low,3,dynadot,,,02/10/2026 21:02
5f5c65cf-806a-4eae-b8ba-c10c81a0edac,lamb.audio,available,104.99,114.99,high,low,4,namesilo,,,27/09/2026 03:31
ad529c27-8b29-4ca4-a66f-10f61fca6e50,silverware.audio,available,104.99,114.99,high,low,10,namesilo,,,30/09/2026 02:53
83bb7fe2-afc4-4815-923a-e0e9729d0453,asking.audio,available,93.35,103.4,high,low,6,spaceship,,,28/09/2026 22:40
23b1df61-53fa-4455-83a0-1628bdf8a7ae,cockcrow.audio,available,104.99,114.99,medium,low,8,namesilo,,,11/09/2026 02:11
d59efc1a-d826-4fdc-8567-5aa61833e3ca,annexa.audio,available,104.99,114.99,medium,low,6,namesilo,,,17/09/2026 09:06
3befc4a6-b95c-48bb-ab4a-355d30c894b3,bamberg.audio,premium,672.95,672.95,medium,low,7,spaceship,,,30/09/2026 13:25
32f92568-7625-44bc-8c69-bdf2bb581d61,colchester.audio,available,93.35,103.4,medium,low,10,spaceship,,,28/09/2026 07:50
50d8bba6-bbb8-4c2f-a76a-95fee66735e1,ibnsina.audio,available,104.99,114.99,medium,low,8,namesilo,,,16/09/2026 18:41
3173e3fc-cf9c-4ab1-9f3b-81e82832bf5c,typo.audio,available,104.99,114.99,high,low,4,namesilo,,,24/08/2026 07:23
0d15b98f-2139-4f44-8a5d-2e819c391aa2,dosed.audio,available,104.99,114.99,medium,low,5,namesilo,,,14/08/2026 16:24
69947bee-e6ae-41ec-b568-b6f80ac317dd,postcolonial.audio,available,108.98,159.98,high,low,12,namecheap,,,02/10/2026 07:43
d5f33487-02b8-4d2d-9c52-f1cbbec5a8a9,samar.audio,available,100.2,100.2,medium,low,5,cloudflare,,,01/10/2026 08:32
9aface6b-b641-4578-92f5-324c092bf6bc,circulatory.audio,available,104.99,114.99,high,low,11,namesilo,,,03/10/2026 03:21
4a32010e-c295-41c2-81a0-6bc9a6ee688d,abode.audio,available,104.99,114.99,high,low,5,namesilo,,,16/09/2026 16:25
73eec197-e131-4802-a46e-5cae45073a10,pra.audio,available,104.99,114.99,high,low,3,namesilo,,,30/09/2026 22:14
7d306f91-995b-492a-9c48-18fba05ae415,ouse.audio,available,100.2,100.2,medium,low,4,cloudflare,,,01/10/2026 03:10
581b574b-0e4e-4a9c-812e-1b8ba7c2dc95,dis.audio,available,104.99,114.99,high,low,3,namesilo,,,24/09/2026 22:25
398ad281-bfa1-4766-8a2f-8159938badb9,energizer.audio,available,108.98,159.98,high,low,9,namecheap,,,19/09/2026 09:06
d2e11916-60fb-4c5c-bff8-e1fa2988f62d,scores.audio,available,104.99,114.99,high,low,6,namesilo,,,14/09/2026 23:23
0ed1c68a-6e28-4c60-a6fd-51fb3d02b1fb,prostate.audio,available,104.99,114.99,high,low,8,namesilo,,,09/09/2026 03:47
4e26c011-7e16-487b-a25b-81c91b3bee37,apt.audio,premium,1113.97,1113.97,high,low,3,name.com,,,22/09/2026 07:23
246fc2b6-58a7-4dd3-9740-7fbc93f622f0,ems.audio,available,93.35,103.4,high,low,3,spaceship,,,02/10/2026 09:44
4f04148a-97b5-43af-88df-44ff1f171a09,castellano.audio,available,104.99,114.99,medium,low,10,namesilo,,,01/10/2026 02:19
40f7b099-10ab-4552-942b-78ed66d8689f,teachable.audio,available,104.99,114.99,high,low,9,namesilo,,,11/09/2026 09:34
654de45a-80bb-4917-bbd1-d2b4acd17997,boomerang.audio,available,104.99,114.99,high,low,9,namesilo,,,02/10/2026 04:09
67dab067-a8f2-414d-886e-310c6e522a51,crops.audio,available,93.35,103.4,medium,low,5,spaceship,,,29/09/2026 04:57
aeb7b0bb-6e6c-4b7f-91f1-6339859151c0,transcripts.audio,available,108.98,159.98,medium,low,11,namecheap,,,30/09/2026 16:19
92df7d14-d3dc-48c5-9eb5-70929247481c,contributions.audio,available,104.99,114.99,low,low,13,namesilo,,,29/09/2026 10:13
dadfe617-ea09-4e4b-a30f-3a0ea59b9b77,researched.audio,available,104.99,114.99,medium,low,10,namesilo,,,01/10/2026 00:58
10307289-343f-48ec-9679-849f1c6ed7ee,hueless.audio,available,104.99,114.99,medium,low,7,namesilo,,,21/08/2026 14:36
32a4162b-bbb2-403c-b256-00c86f8348c2,antonius.audio,available,104.99,114.99,medium,low,8,namesilo,,,19/09/2026 13:34
72c07aa0-3bd4-4ff4-bfce-4ad5f9ea129c,cleavage.audio,available,108.98,159.98,high,low,8,namecheap,,,24/09/2026 15:29
9a1f8c5b-fbb4-4d71-9bc2-57b1a3686315,lun.audio,available,104.99,114.99,medium,low,3,namesilo,,,01/10/2026 23:06
4cabd8c0-9d01-4b0b-b6aa-f38c78a1be83,vcr.audio,available,107.22,107.22,high,low,3,dynadot,,,02/10/2026 06:38
60f8c456-af55-4469-9dd6-c8f428428ade,biplane.audio,available,108.98,159.98,high,low,7,namecheap,,,23/09/2026 19:18
82311cdc-10c8-4e01-8ed2-22e3f022d785,vauxhall.audio,available,108.98,159.98,high,medium,8,namecheap,,,30/09/2026 12:10
480ad64c-dfa8-4174-904a-8760d0e00cb9,colonized.audio,available,104.99,114.99,medium,low,9,namesilo,,,12/08/2026 17:23
7c4bbb1a-309c-462c-a0bd-3b5b262ac90c,lakers.audio,premium,2070.2,2070.2,high,medium,6,spaceship,,,02/10/2026 01:56
4706f480-e470-483f-afb7-e54ec6c3b53e,resulted.audio,available,108.98,159.98,medium,low,8,namecheap,,,19/09/2026 00:26
80250316-1042-4ff3-b27b-02cc886d4b83,heathen.audio,available,104.99,114.99,high,low,7,namesilo,,,18/08/2026 21:55
7b5b2365-eb76-495e-b289-e14e7f9950b1,astrometry.audio,available,108.98,159.98,medium,low,10,namecheap,,,20/09/2026 17:53
856ead31-c10b-410c-b078-dd507caa4ab0,generously.audio,available,108.98,159.98,high,low,10,namecheap,,,14/09/2026 21:14
bbe88f7d-f2b8-48fb-b4f8-800f56e5ea94,metropolitan.audio,available,104.99,114.99,medium,low,12,namesilo,,,29/09/2026 02:58
6dbd7aee-6648-4c45-b12a-5d12b25d333b,rounded.audio,available,104.99,114.99,high,low,7,namesilo,,,19/09/2026 15:40
ea26be07-37a4-41c2-b699-4ae50e83cd34,apulia.audio,available,104.99,114.99,medium,low,6,namesilo,,,19/09/2026 22:42
fb091aa0-3685-4883-8a6a-5b0127aa6e54,detection.audio,available,93.35,103.4,high,low,9,spaceship,,,29/09/2026 14:13
9e37e8a2-db42-47d1-8c05-4dd6671b3f4f,ale.audio,available,100.2,100.2,high,low,3,cloudflare,,,28/09/2026 20:11
92914b2b-aa4d-493f-afa6-fe1c958683ff,hadean.audio,available,108.98,159.98,medium,low,6,namecheap,,,20/08/2026 21:32
6abf658d-a4f7-4d59-a0d9-542ad73da5d0,untamed.audio,available,108.98,159.98,high,low,7,namecheap,,,12/09/2026 20:55
dc6c1158-4663-4ea9-82c4-e54c9859b67e,tcm.audio,available,100.2,100.2,high,low,3,cloudflare,,,02/10/2026 13:50
e34988c1-0562-4d27-9788-cfface15176a,misses.audio,available,93.35,103.4,high,low,6,spaceship,,,01/10/2026 11:41
801ed2df-1437-4cfd-912b-54344f2d29c3,dday.audio,available,104.99,114.99,high,low,5,namesilo,,,16/09/2026 12:39
d0c65464-0fa3-459b-8426-8366724bf412,shilling.audio,available,93.35,103.4,medium,low,8,spaceship,,,02/10/2026 23:37
bd6b51c3-6a6e-4fea-84c5-860432f698c1,glazed.audio,available,104.99,114.99,high,low,6,namesilo,,,20/08/2026 14:05
d9304c9b-ef23-476a-9023-e55a46179c4c,perforce.audio,available,104.99,114.99,medium,low,8,namesilo,,,15/09/2026 19:36
bb26363f-dc7b-448e-b05e-075a3dbee612,directed.audio,available,104.99,114.99,high,low,8,namesilo,,,24/09/2026 10:49
9e5fbfce-04c5-410d-99a5-bef6a52f1f10,positional.audio,available,104.99,114.99,medium,low,10,namesilo,,,09/09/2026 00:06
a4cb41ee-eb44-4b8b-bea2-6453245e5280,skyward.audio,available,104.99,114.99,high,low,7,namesilo,,,21/08/2026 05:26
1af370e6-d122-407f-aa2b-d625d237440b,package.audio,available,108.98,159.98,high,low,7,namecheap,,,24/09/2026 07:42
720993c3-70e7-4154-bd1f-67442821aad9,powhatan.audio,available,100.2,100.2,high,low,8,cloudflare,,,01/10/2026 03:20
1c360cac-9c2b-42ba-826a-85860552e1d3,muffled.audio,available,104.99,114.99,high,low,7,namesilo,,,03/09/2026 10:26
b033bd85-8665-4cb9-8efe-07dc6e81f82a,identities.audio,available,100.2,100.2,medium,low,10,cloudflare,,,29/09/2026 17:14
578801b2-fbe5-4a61-b4a8-714c901d529f,eva.audio,premium,845,845,high,medium,3,namecheap,,,25/09/2026 14:38
99d86d22-c32c-4236-903e-2f7c035b7259,clueless.audio,available,104.99,114.99,medium,low,8,namesilo,,,12/08/2026 13:05
c91f2c8f-a649-4fb0-a6f3-a6b29b95ddfb,wormy.audio,available,104.99,114.99,medium,low,5,namesilo,,,13/08/2026 06:43
035e1861-eeeb-4eaf-8694-9d7417dc16b1,vega.audio,premium,,,high,medium,4,,,,29/09/2026 07:30
e05157a4-5a6d-441b-90e0-2a52a6d5bb91,marmoreal.audio,available,104.99,114.99,medium,low,9,namesilo,,,24/08/2026 16:12
29956288-8d41-4da7-9f4e-fa8dc82288ed,salsa.audio,available,93.35,103.4,high,low,5,spaceship,,,29/09/2026 20:15
c4d75b0a-f174-4392-a962-99bfba1d1916,noi.audio,available,108.98,159.98,high,low,3,namecheap,,,29/09/2026 21:37
5092050e-4058-4fa5-84c8-55a01d4c6220,acth.audio,available,104.99,114.99,medium,low,4,namesilo,,,17/09/2026 04:25
06669354-34f2-4c20-9b0a-8d7a07bb536d,horny.audio,premium,2600,2600,high,low,5,namecheap,,,13/08/2026 01:41
71c19250-0dee-4ac8-91df-cab92509a1ba,scoop.audio,available,108.98,159.98,high,low,5,namecheap,,,19/09/2026 16:31
a204dfc5-1074-4c2e-ad1f-751c5f6b50ec,counselor.audio,available,108.98,159.98,high,low,9,namecheap,,,28/09/2026 13:47
b67090b8-b0b7-4416-8f11-a62696f56a4b,blithe.audio,available,104.99,114.99,high,low,6,namesilo,,,10/08/2026 14:37
73906b7c-f58e-461c-8a77-a55413145078,odorless.audio,available,104.99,114.99,medium,low,8,namesilo,,,22/08/2026 06:02
85e544d1-58cc-4ce4-96e9-c095d495f793,questioner.audio,available,108.98,159.98,medium,low,10,namecheap,,,20/09/2026 14:25
ee25f52a-a46a-48f5-bc9c-019beabdf6ce,corbett.audio,available,104.99,114.99,high,low,7,namesilo,,,27/09/2026 03:35
8ba45047-775a-4dc3-b633-ec0fd147ae8e,highlands.audio,available,104.99,114.99,high,low,9,namesilo,,,30/09/2026 10:07
e835e5ff-6019-47ca-8cd8-be3b398906bf,optical.audio,premium,832,832,high,low,7,namesilo,,,04/09/2026 00:42
f55d1ce7-f264-48d0-8d86-b75b4658c5aa,lace.audio,available,104.99,114.99,high,low,4,namesilo,,,29/09/2026 03:54
db512abd-244d-4604-82ed-38ed17af3f70,darkish.audio,available,299.99,299.99,medium,low,7,name.com,,,13/08/2026 18:14
5355e7da-427d-48cf-ae39-14edc8f661fd,uncover.audio,available,108.98,159.98,high,low,7,namecheap,,,30/09/2026 16:42
d0199151-e309-4bad-87ae-129cb39c4fee,til.audio,available,93.35,103.4,high,low,3,spaceship,,,28/09/2026 11:25
65e9f38b-7d96-4cea-a0a3-698de74c8f26,ambitious.audio,premium,832,832,high,low,9,namesilo,,,22/09/2026 03:59
46ae2969-8e1c-4b06-a880-2599b6e14139,sentiment.audio,available,104.99,114.99,high,low,9,namesilo,,,28/09/2026 15:00
d315339f-e1af-469c-ad5c-176220e06da4,prince.audio,available,104.99,114.99,high,low,6,namesilo,,,30/09/2026 07:24
239f0925-8fd9-4e85-81f2-0ca9883bdf82,moviemaker.audio,available,93.35,103.4,high,low,10,spaceship,,,03/10/2026 02:33
cfc9ca32-330c-440b-9dc0-b5405a36d3fc,audad.audio,available,108.98,159.98,medium,low,5,namecheap,,,18/09/2026 22:16
6e421eab-80b8-4cf5-a71a-e30e524d7924,plaintiffs.audio,available,100.2,100.2,low,low,10,cloudflare,,,01/10/2026 00:55
9a2467a0-cd70-44fa-a39a-a0b9e754ef69,official.audio,available,104.99,114.99,high,low,8,namesilo,,,26/09/2026 00:05
45b0ded2-6a45-47ba-ab0c-9bbad72a9e4a,soleless.audio,available,104.99,114.99,low,low,8,namesilo,,,10/09/2026 13:37
b278c9fb-f6b9-4aa2-bc66-898ee8958ba3,soul.audio,premium,2660,2660,high,medium,4,namesilo,,,25/09/2026 09:19
b67bd2b6-5344-4758-ba19-1066264b80a3,embankment.audio,available,104.99,114.99,high,low,10,namesilo,,,03/10/2026 00:38
5113c1c1-1fce-4c0d-a236-63b6da04040b,dining.audio,available,93.35,103.4,high,low,6,spaceship,,,29/09/2026 15:00
3b6d58d8-06f3-4ad5-a174-4136de6a8fa8,ruffianly.audio,available,108.98,159.98,high,medium,9,namecheap,,,09/09/2026 19:19
948be7af-5106-4c58-9d4a-b5e1a5a1929b,helpful.audio,available,104.99,114.99,high,low,7,namesilo,,,21/08/2026 06:37
f6bd6a7e-6dae-41b8-81db-27fc97ca71ee,aspen.audio,available,104.99,114.99,high,medium,5,namesilo,,,20/09/2026 14:46
068a8b89-dc35-4fca-8c33-6ddc7bdf8c0e,bicycles.audio,available,104.99,114.99,medium,low,8,namesilo,,,18/09/2026 23:48
2bdf5647-a59d-4e70-84d4-d9de33411212,specifics.audio,available,100.2,100.2,medium,low,9,cloudflare,,,29/09/2026 17:04
eb2f46bc-b7e8-42f0-ac24-441e98ba2dca,blinding.audio,available,104.99,114.99,medium,low,8,namesilo,,,10/08/2026 13:42
a1fc3b04-e00b-447c-ac8e-2252e5ed8f0f,petitioner.audio,available,104.99,114.99,medium,low,10,namesilo,,,11/09/2026 03:30
da1e1b66-ac35-4a2c-986c-b1b7421f25bc,lithe.audio,available,104.99,114.99,high,low,5,namesilo,,,02/10/2026 11:27
7574de62-4980-446c-b11c-07f21354948d,apian.audio,available,104.99,114.99,medium,low,5,namesilo,,,05/08/2026 23:47
5ef8df8f-4a01-4aa3-9b84-145ee2b07379,unpatented.audio,available,104.99,114.99,medium,low,10,namesilo,,,12/09/2026 16:29
ac3e2ef7-f899-47ed-bf85-26df490c8c46,puglia.audio,available,108.98,159.98,high,low,6,namecheap,,,19/09/2026 22:41
9951fc3f-3fc0-48d0-bdce-13cf619fb550,dolls.audio,available,93.35,103.4,medium,low,5,spaceship,,,28/09/2026 09:09
f7566ec1-cfe5-4c81-90ba-797cf98de4d7,eviscerate.audio,available,104.99,114.99,medium,low,10,namesilo,,,17/08/2026 15:10
c4e54d33-449a-4753-84e6-793f0ad3a770,hurdles.audio,available,104.99,114.99,high,low,7,namesilo,,,03/10/2026 01:15
575d65c0-6921-47c5-81fe-7d2a3082f91c,reviewers.audio,available,104.99,114.99,medium,low,9,namesilo,,,21/09/2026 09:06
45dff032-355b-43c2-aaed-9d8611f93124,characteristics.audio,available,104.99,114.99,medium,low,15,namesilo,,,
a7ddd430-8abb-4490-971a-888bb298fd40,versed.audio,available,104.99,114.99,high,low,6,namesilo,,,13/09/2026 04:29
d84289a1-7fbe-4c35-845c-2c9240491fad,rolls.audio,available,104.99,114.99,high,low,5,namesilo,,,27/09/2026 07:45
f2412d6a-41d0-4bbd-9192-7ae5dc5cbaa8,biomass.audio,available,108.98,159.98,high,low,7,namecheap,,,23/09/2026 18:29
0c284b93-c91d-4197-a59d-48f1fb24450c,four.audio,available,104.99,114.99,high,low,4,namesilo,,,21/09/2026 13:11
5ccc409b-abd4-4ba0-be11-c63bb41606cb,below.audio,available,104.99,114.99,high,low,5,namesilo,,,24/09/2026 12:01
6e71347c-1d17-4788-8d5a-45684b05d208,backchat.audio,available,104.99,114.99,medium,low,8,namesilo,,,21/09/2026 15:20
848a62e5-d409-4f8d-9515-9604f0fa63c1,processes.audio,available,93.35,103.4,medium,low,9,spaceship,,,30/09/2026 06:07
141e3b10-ab01-48d4-a2da-3c83e7f7f57e,jewell.audio,available,104.99,114.99,medium,low,6,namesilo,,,29/09/2026 04:07
257a3bd8-9a82-497b-977e-4fd3fa0e168b,disposition.audio,available,93.35,103.4,high,low,11,spaceship,,,29/09/2026 02:57
8305e8f9-7c20-4b33-81c1-2108286aaa22,elects.audio,available,104.99,114.99,medium,low,6,namesilo,,,21/09/2026 04:31
302409df-64a8-45e6-ba12-1406279cfd42,wausau.audio,available,93.35,103.4,medium,low,6,spaceship,,,01/10/2026 22:03
a1f7e06c-8bb2-4dd0-a84a-82c1cfb14806,laxly.audio,available,104.99,114.99,low,low,5,namesilo,,,15/09/2026 11:08
853e11a2-739b-4abe-8356-e5232eac9e64,raiders.audio,premium,2070.2,2070.2,medium,low,7,spaceship,,,30/09/2026 16:18
d7873e06-5fda-4ced-b414-785a8b05dbc3,mystique.audio,available,93.35,103.4,high,low,8,spaceship,,,29/09/2026 19:44
5cf73864-0b11-4645-a0da-59ba1f111768,spattered.audio,available,299.99,299.99,medium,low,9,name.com,,,13/08/2026 15:15
dced103e-ac50-4191-9f61-571087afa2f7,epochs.audio,available,93.35,103.4,low,low,6,spaceship,,,30/09/2026 15:49
e8126c2d-80a0-4df9-9543-6579c8794bbe,source.audio,premium,832,832,high,medium,6,namesilo,,,25/09/2026 22:58
8e12995d-b873-4cf5-b9c1-52bbc64a2216,uub.audio,available,104.99,114.99,medium,low,3,namesilo,,,20/09/2026 22:14
8e18f334-d3ee-4539-a996-a1266cd4918a,target.audio,premium,2600,2600,high,high,6,namecheap,,,03/09/2026 23:33
7264d7e1-a96d-4dd7-bd8f-f5e7207eb0b5,akee.audio,available,299.99,299.99,medium,low,4,name.com,,,17/09/2026 01:56
0e3b69dd-6817-4aa5-8f8e-c1778b4932c2,copenhagen.audio,available,93.35,103.4,high,low,10,spaceship,,,29/09/2026 18:27
23b598aa-ff39-4f87-bbc7-b88e62fbc517,schedule.audio,available,93.35,103.4,high,low,8,spaceship,,,03/10/2026 01:14
0d7fbb14-62a7-469d-9c6b-1031f68790fb,biochemistry.audio,available,104.99,114.99,high,low,12,namesilo,,,30/09/2026 14:26
f4804bb9-c48a-4fb5-bed9-1a3d1e4d648e,aleve.audio,available,104.99,114.99,medium,low,5,namesilo,,,17/09/2026 15:07
e0ccc44a-341a-453c-8789-b9854947f044,dismantle.audio,available,103.5,103.5,high,low,9,porkbun,,,02/10/2026 06:42
2094535e-be32-48e1-a500-ba8f872e5bac,ardour.audio,available,104.99,114.99,medium,low,6,namesilo,,,20/09/2026 03:15
b34450fa-0f59-4402-acf1-8e249faaffe2,coalescent.audio,available,104.99,114.99,medium,low,10,namesilo,,,12/08/2026 13:51
a4a73a3d-1335-4532-82ef-b4551e3ee4be,bouquet.audio,available,108.98,159.98,high,low,7,namecheap,,,24/09/2026 07:35
1b893d51-dbf1-48f4-ac88-5c47881724f6,apartment.audio,premium,2660,2660,high,low,9,namesilo,,,19/09/2026 16:17
6268c7ea-36e7-40c9-ba9a-3a18516dfa52,poisonous.audio,available,104.99,114.99,medium,low,9,namesilo,,,08/09/2026 22:40
9f0830b8-3ce4-43aa-b9db-c1b503a7f62e,fritz.audio,premium,715,715,high,low,5,dynadot,,,01/10/2026 22:47
74715fba-50f1-470a-8482-00646d46cafe,cruising.audio,premium,2070.2,2070.2,high,low,8,spaceship,,,29/09/2026 05:15
afd83533-ed06-42df-a6b6-bb478220b52b,insertion.audio,available,93.35,103.4,high,low,9,spaceship,,,30/09/2026 01:59
937b6a80-ec15-49ab-bfc3-07a568a4586c,brac.audio,available,93.35,103.4,medium,low,4,spaceship,,,01/10/2026 23:52
6a2714c1-d023-4fdb-aaa4-d65daf000ec2,hayastan.audio,available,108.98,159.98,medium,low,8,namecheap,,,20/09/2026 06:40
0a366a10-4693-4ce8-bd65-3a2df86ad99f,regent.audio,available,104.99,114.99,high,medium,6,namesilo,,,09/09/2026 12:52
bac2d8e7-733f-420a-be54-69e83da600de,vicki.audio,available,93.35,103.4,medium,low,5,spaceship,,,29/09/2026 04:00
fef0b860-8f2e-48e7-be3a-c5c0da1a02be,developers.audio,available,104.99,114.99,medium,low,10,namesilo,,,02/10/2026 02:57
991253fd-7a05-49c8-b420-5c5c3999cdaa,returns.audio,available,104.99,114.99,high,low,7,namesilo,,,17/09/2026 17:19
9b3a9103-621f-48e7-a05a-d0b5def668c1,interpreting.audio,available,104.99,114.99,high,low,12,namesilo,,,02/10/2026 12:24
ae285a3f-62b3-4189-9cdc-cec6a5f9a089,hoffman.audio,premium,832,832,high,low,7,namesilo,,,25/09/2026 05:04
d7e054fd-21f6-4941-b002-cf288e145434,militia.audio,available,93.35,103.4,high,low,7,spaceship,,,29/09/2026 19:40
1eb6f229-adad-4806-9af6-62794938a68f,turnovers.audio,available,104.99,114.99,medium,low,9,namesilo,,,19/09/2026 22:02
238da089-8a23-4c53-a3b0-26b2f339a30d,ryder.audio,available,93.35,103.4,high,low,5,spaceship,,,29/09/2026 21:38
4a956209-13af-4832-a97d-290c672a62ab,caligula.audio,available,104.99,114.99,high,low,8,namesilo,,,02/10/2026 04:13
16c511d0-ab62-4bf7-bb00-bba2c05b4559,luft.audio,available,103.5,103.5,medium,low,4,porkbun,,,02/10/2026 21:14
28bab7be-f488-4927-919a-e4e60b29199e,proton.audio,available,93.35,103.4,high,low,6,spaceship,,,01/10/2026 03:23
966cd0c0-8505-4ea0-88c0-6ca5add766b3,abiding.audio,available,108.98,159.98,high,low,7,namecheap,,,21/09/2026 13:52
10b2bd92-8771-4aef-be91-88eb6eb2fd3d,resentment.audio,available,104.99,114.99,medium,low,10,namesilo,,,23/09/2026 23:03
d6ae66f5-2989-417c-a653-cd5118d30ef9,nagano.audio,available,93.35,103.4,medium,low,6,spaceship,,,30/09/2026 18:06
750d0784-e108-47b3-b7e0-8309c7f58c57,alp.audio,available,108.98,159.98,high,low,3,namecheap,,,18/09/2026 13:29
77721171-e924-4688-bc4d-ea1c43b6c0f4,primary.audio,available,104.99,114.99,high,low,7,namesilo,,,27/09/2026 05:41
f367294e-8439-4db9-b243-702e0763ae2b,bare.audio,premium,2660,2660,high,low,4,namesilo,,,22/09/2026 11:54
ee522f14-6cc1-4f2e-8bf8-cb2006756e47,seen.audio,available,100.2,100.2,high,low,4,cloudflare,,,30/09/2026 23:03
4a7349a6-e8b8-4e3c-a723-eb4038a91d24,archbishop.audio,available,299.99,299.99,medium,low,10,name.com,,,20/09/2026 01:46
bcbd4a12-e612-4018-9d5a-9b661d265b35,bites.audio,available,104.99,114.99,medium,low,5,namesilo,,,28/09/2026 13:24
24e77f4a-da98-41f3-8a01-8707a537acc4,bled.audio,available,108.98,159.98,high,low,4,namecheap,,,30/09/2026 03:16
6f4287a8-3a2d-4d1a-86c0-256d218b9f7d,height.audio,available,108.98,159.98,high,low,6,namecheap,,,25/09/2026 19:39
46ab9421-69cd-49fe-98e0-f5ab55a6e7c9,puzzlement.audio,available,104.99,114.99,medium,low,10,namesilo,,,21/09/2026 17:39
47aaeb33-7f6d-4191-8ff5-09ee69e0f3dc,pituitary.audio,available,108.98,159.98,high,medium,9,namecheap,,,08/09/2026 20:08
9c9b1e53-be03-44fc-bb70-33788e18c675,lightwood.audio,available,108.98,159.98,medium,low,9,namecheap,,,16/09/2026 20:15
c92fb73a-0f0a-459b-baae-a952a67390ce,stubborn.audio,available,104.99,114.99,high,low,8,namesilo,,,25/09/2026 23:51
5a8bb899-168e-4e54-9c74-5993a0c8145d,schoolhouse.audio,available,93.35,103.4,high,low,11,spaceship,,,30/09/2026 12:19
c424e384-0177-4910-a1c2-ac3d536a3265,aroid.audio,available,104.99,114.99,medium,low,5,namesilo,,,06/08/2026 11:30
1beea7bf-40b3-4aea-9d21-0eb763c456b1,paprika.audio,available,108.98,159.98,high,low,7,namecheap,,,23/09/2026 05:39
f3aec8bc-143b-4eb4-adab-cba27341baae,commandment.audio,available,93.35,103.4,high,low,11,spaceship,,,30/09/2026 19:53
b5221d0a-e20b-44ff-8dda-44890dfc8228,uniqueness.audio,available,103.5,103.5,high,low,10,porkbun,,,03/10/2026 02:06
3d847daa-d744-4188-a4bf-589c92815362,tornadoes.audio,available,104.99,114.99,medium,low,9,namesilo,,,16/09/2026 14:14
edd48a05-696e-42a9-bf86-520f20b5be75,aeolia.audio,available,104.99,114.99,medium,low,6,namesilo,,,17/09/2026 12:34
c0a0537e-133a-4423-bc03-3bdf3002cec9,complaint.audio,available,104.99,114.99,high,low,9,namesilo,,,25/09/2026 07:37
12ef7ecc-dfd5-4992-a6db-1075f9d5cb09,attribute.audio,available,108.98,159.98,high,low,9,namecheap,,,21/09/2026 02:16
c318856f-4a74-4fab-bf09-23996a3032fb,tenerife.audio,available,93.35,103.4,high,low,8,spaceship,,,01/10/2026 04:01
8aed22e6-ab68-44c3-b70e-1d30421266d1,saddle.audio,available,108.98,159.98,high,low,6,namecheap,,,29/09/2026 02:22
b27d5fe3-8ec8-4f1b-885b-faa63ec4d275,abell.audio,available,108.98,159.98,medium,low,5,namecheap,,,02/10/2026 20:39
3289b1e7-7d63-432c-a973-0248ea61bc6f,miscellany.audio,available,104.99,114.99,medium,low,10,namesilo,,,25/08/2026 08:20
ee14586f-eca7-4c9c-8005-675a05fe47a2,bookshelf.audio,available,104.99,114.99,high,low,9,namesilo,,,24/09/2026 07:17
b3ec9b1c-2074-4e8b-868b-64721349d99f,leaders.audio,available,104.99,114.99,high,low,7,namesilo,,,30/09/2026 02:31
ffca2c17-e02d-4733-800f-97c933502026,hefty.audio,premium,2600,2600,medium,low,5,namecheap,,,11/08/2026 02:48
12304bb1-339d-4d10-bd95-f7957645a694,defenses.audio,available,100.2,100.2,low,low,8,cloudflare,,,29/09/2026 10:39
99ffbb12-0a42-48c4-b060-03e64e3e8b9c,stirred.audio,available,104.99,114.99,high,low,7,namesilo,,,25/08/2026 09:07
df118470-ca90-4812-8fc2-a82b1bff4028,experiment.audio,available,103.5,103.5,high,low,10,porkbun,,,30/09/2026 21:03
e8233279-8e11-416c-8b0d-716384fef380,accoutered.audio,available,104.99,114.99,medium,low,10,namesilo,,,
8d3a1710-206a-401c-9f8b-755610b4838d,berta.audio,available,100.2,100.2,medium,low,5,cloudflare,,,02/10/2026 19:43
0ecdd15f-ac3f-4436-86fe-948300b9d1ee,gaze.audio,available,108.98,159.98,high,low,4,namecheap,,,28/09/2026 19:17
6e49f9b2-8b2f-4d9a-b74f-69f3c134b244,sarajevo.audio,available,100.2,100.2,high,low,8,cloudflare,,,28/09/2026 06:43
2b2b62be-0105-438e-87b7-6644fe1a5178,munn.audio,available,104.99,114.99,medium,low,4,namesilo,,,01/10/2026 11:33
f524436f-5cf7-414e-8a1b-058998cd7c91,expected.audio,available,108.98,159.98,high,low,8,namecheap,,,17/08/2026 18:04
b22265f6-c210-4fed-a504-a788e016110f,superstition.audio,available,104.99,114.99,medium,low,12,namesilo,,,30/09/2026 14:14
494ce13a-bc59-4dc3-9f02-07aca8800573,juniata.audio,available,93.35,103.4,high,low,7,spaceship,,,02/10/2026 21:00
a3a56d75-9589-46de-b211-0273aaefb437,agrees.audio,available,104.99,114.99,medium,low,6,namesilo,,,28/09/2026 12:39
a839c97e-bb42-4fb0-99fa-b16905fffdd3,saddled.audio,available,108.98,159.98,high,medium,7,namecheap,,,09/09/2026 20:41
aeefbfc9-f982-4e0b-b845-02788f860e56,epochal.audio,available,104.99,114.99,medium,low,7,namesilo,,,17/08/2026 11:24
0d1b58a0-2ca9-46a8-8a52-70b363afba8c,ruptured.audio,available,93.35,103.4,medium,low,8,spaceship,,,29/09/2026 16:06
da057f3b-b031-41b2-88d4-b498bc43a6eb,abjuration.audio,available,108.98,159.98,medium,low,10,namecheap,,,16/09/2026 15:59
3aabf3b7-99f5-44e1-bdc4-cf953f1b1fac,amygdala.audio,available,104.99,114.99,high,low,8,namesilo,,,19/09/2026 00:23
15d4a241-ce92-46a2-b12d-df653b06ff0e,dayton.audio,available,214.99,214.99,high,low,6,godaddy,,,30/09/2026 01:15
e4c19a4f-c208-43ba-99b5-66b75c2e3e17,correlate.audio,available,104.99,114.99,high,low,9,namesilo,,,23/09/2026 23:49
8cea4faa-6ea9-46ff-954f-1dada8719152,victims.audio,available,108.98,159.98,medium,low,7,namecheap,,,18/09/2026 21:07
40b3cf05-1814-4d66-903e-1f5180be5433,hence.audio,available,104.99,114.99,medium,low,5,namesilo,,,28/09/2026 15:09
9d269109-e2d4-40fb-ae1d-75af3c611ebe,abductor.audio,available,104.99,114.99,medium,low,8,namesilo,,,16/09/2026 14:54
00359940-a36c-4050-98b0-00cce4f6a22a,navigation.audio,available,104.99,114.99,high,low,10,namesilo,,,10/09/2026 00:36
ed38934e-bbe3-4409-9c58-2e13c4ee8ff9,wick.audio,available,93.35,103.4,high,low,4,spaceship,,,29/09/2026 14:07
e138c41c-e38e-4891-a08e-db94bf3b9b92,sarcasm.audio,available,104.99,114.99,high,low,7,namesilo,,,24/09/2026 13:16
f2acd35a-bb92-4cd1-80d8-41430814f21c,gears.audio,available,159.98,,medium,low,5,namecheap,,,
ec3c21d5-45fa-4c9b-8af8-d65423d852d1,hamas.audio,available,93.35,103.4,medium,low,5,spaceship,,,28/09/2026 09:59
57368faf-ce3f-49ef-9744-f4c7e75327cd,temerity.audio,available,104.99,114.99,medium,low,8,namesilo,,,21/09/2026 02:48
dbb9f708-e5cb-4c3a-878f-16ca6d48eb20,nielsen.audio,premium,2600,2600,high,low,7,namecheap,,,02/10/2026 23:52
28a3b641-eeb3-4a13-a92f-478c3f1cdd12,yearningly.audio,available,104.99,114.99,medium,low,10,namesilo,,,15/09/2026 12:56
a723938e-9053-4bfd-8fd7-a7bf9870632d,wagons.audio,available,108.98,159.98,medium,low,6,namecheap,,,19/09/2026 20:22
74856947-0bec-4521-86ef-a3303f7cf823,realize.audio,available,104.99,114.99,high,low,7,namesilo,,,27/09/2026 05:56
13531c1b-30df-41b1-85b8-c5e1da52a8a8,penalties.audio,available,104.99,114.99,high,low,9,namesilo,,,
fb5b8b71-3188-44b2-8aa1-f16a38f1d16d,damp.audio,available,299.99,299.99,medium,low,4,name.com,,,13/08/2026 16:39
22cabf56-c757-4410-9d2c-88e1cce7cbea,sweeping.audio,available,104.99,114.99,high,low,8,namesilo,,,11/09/2026 05:31
09b895a4-8b9d-4ddb-9dd9-6aff1a08d2d0,pirate.audio,available,93.35,103.4,high,low,6,spaceship,,,29/09/2026 04:52
4f53e375-5668-4f58-860b-09b38b423422,reaction.audio,available,104.99,114.99,high,low,8,namesilo,,,24/09/2026 14:16
934e1082-d62f-4ddb-9c20-49c50c0d0f09,engagement.audio,available,104.99,114.99,high,low,10,namesilo,,,25/09/2026 10:18
a412b794-f608-42f8-b38f-ef9a0a702f52,chekhov.audio,available,104.99,114.99,medium,low,7,namesilo,,,19/09/2026 15:27
25dbc1fe-2600-45f9-b784-99f32b480d4a,shapeless.audio,available,108.98,159.98,medium,low,9,namecheap,,,
83163b75-7211-45aa-89a6-d06387ebe33a,searcy.audio,available,100.2,100.2,medium,low,6,cloudflare,,,03/10/2026 04:15
ff8f535c-b3f2-4136-87df-27763ced73b4,fever.audio,available,100.2,100.2,high,low,5,cloudflare,,,29/09/2026 19:05
f2b50df1-fb77-4b92-9d8e-9c02f2656754,marley.audio,available,93.35,103.4,medium,low,6,spaceship,,,29/09/2026 00:11
fa63e2b9-0e9b-4d99-88c6-bfaaf4b9c7e5,lila.audio,available,100.2,100.2,high,low,4,cloudflare,,,30/09/2026 21:26
4fd810f3-0741-4f81-ac41-7d89c595eb65,agitprop.audio,available,108.98,159.98,medium,low,8,namecheap,,,17/09/2026 18:14
a685d586-10cf-413c-8e48-4dde63e701d5,seeping.audio,available,104.99,114.99,medium,low,7,namesilo,,,04/09/2026 15:36
45251485-aa25-42dd-bacd-844b44e2f2ed,desserts.audio,available,104.99,114.99,medium,low,8,namesilo,,,02/10/2026 13:27
f658965d-d9a0-407d-a3f1-b7e007011336,asperity.audio,available,104.99,114.99,medium,low,8,namesilo,,,20/09/2026 14:51
cdb3b517-0472-4f0d-bfe5-9b27147286e9,happiness.audio,available,108.98,159.98,high,low,9,namecheap,,,29/09/2026 22:08
b94ce1dc-7058-4b0b-be75-17e61bab131c,ruled.audio,available,93.35,103.4,high,low,5,spaceship,,,27/09/2026 16:50
257998d7-4987-427c-ae51-8ebd40e95918,senile.audio,available,104.99,114.99,medium,low,6,namesilo,,,14/08/2026 14:36
067a804f-513c-4f66-91f0-3c76c83ce3bc,sevilla.audio,available,93.35,103.4,high,low,7,spaceship,,,29/09/2026 13:56
264cdf32-bc55-4fa7-91e5-85e7bf1a4b62,stereotype.audio,available,100.2,100.2,high,low,10,cloudflare,,,30/09/2026 12:02
849ccc12-0165-4722-980f-2f27a302480f,mckim.audio,available,100.2,100.2,medium,low,5,cloudflare,,,01/10/2026 18:57
025ecf89-91cf-4221-bb2e-b4e793390479,spade.audio,premium,,,high,low,5,,,,30/09/2026 02:04
9725764f-c1b8-40b6-b602-8d864ba3f24b,alan.audio,available,108.98,159.98,high,low,4,namecheap,,,25/09/2026 11:29
2ddaa102-3784-46c5-8efb-0f28a9b158cf,particular.audio,available,108.98,159.98,high,low,10,namecheap,,,24/09/2026 18:23
4c6bb7d5-128a-40b8-baf0-2e16ff420154,josephine.audio,premium,832,832,high,low,9,namesilo,,,28/09/2026 12:04
76e4a3eb-aae5-468a-b2fd-71bb1cb4e628,vortex.audio,available,104.99,114.99,high,medium,6,namesilo,,,30/09/2026 01:05
a33e9012-9dbb-49e1-a832-7e36dc123bba,cluny.audio,available,100.2,100.2,medium,low,5,cloudflare,,,02/10/2026 01:14
c3ca2d89-d9d2-4ed0-a879-97fa6955fdf8,race.audio,available,104.99,114.99,high,low,4,namesilo,,,27/09/2026 17:26
506af894-331d-4b90-9ff3-b962dd9c1365,polymer.audio,available,104.99,114.99,high,low,7,namesilo,,,02/10/2026 06:07
0e3596ca-e805-4364-a753-6799d8823c2d,rows.audio,available,100.2,100.2,low,low,4,cloudflare,,,29/09/2026 10:22
e32e84f1-7ffe-4f63-a06f-f6630d998022,imaging.audio,available,93.35,103.4,high,low,7,spaceship,,,29/09/2026 19:16
b8c82e03-86b8-4232-b7a3-93c5f93c6de9,essene.audio,available,104.99,114.99,medium,low,6,namesilo,,,17/08/2026 13:19
1be11fd7-2701-495c-9ef5-80be0964c09d,wind.audio,premium,2600,2600,high,low,4,namecheap,,,28/09/2026 10:39
155e9948-b693-4e4d-9eb2-f6398d43831b,alkyd.audio,available,104.99,114.99,medium,low,5,namesilo,,,18/09/2026 08:33
19ed2b9b-ae57-43b7-9f3c-e4cf34a7c43b,baldly.audio,available,104.99,114.99,medium,low,6,namesilo,,,13/09/2026 23:11
a9410302-b7ae-43b8-8205-b0e9dcfe3797,vegetables.audio,available,104.99,114.99,medium,low,10,namesilo,,,16/09/2026 12:36
eea98302-61e4-4bbe-ae79-4e87a395319d,yell.audio,available,100.2,100.2,high,low,4,cloudflare,,,29/09/2026 12:21
eb9c95b7-0bc5-424c-accb-16c44a1990cd,ouch.audio,available,104.99,114.99,medium,low,4,namesilo,,,02/10/2026 06:49
a9332048-c768-4d06-93e8-6c66dad84b5c,scentless.audio,available,104.99,114.99,medium,low,9,namesilo,,,09/09/2026 23:00
1c77d5c0-ffdd-4e85-800c-f97ab1f06870,volary.audio,available,108.98,159.98,medium,low,6,namecheap,,,21/09/2026 09:24
43eab686-f55a-44fa-a056-43c130a81955,bacterial.audio,available,104.99,114.99,high,low,9,namesilo,,,22/09/2026 16:00
f269ea3f-341f-406a-aa44-96a237890594,cetacean.audio,available,104.99,114.99,medium,low,8,namesilo,,,12/08/2026 01:02
d610453a-c78f-4924-b34e-057a24f35bce,timid.audio,available,104.99,114.99,medium,low,5,namesilo,,,11/08/2026 22:46
a3768a6e-98d7-4e26-97f6-bbdcd6a9c874,unbeatable.audio,available,104.99,114.99,high,low,10,namesilo,,,25/09/2026 11:12
949d617b-186d-4a1f-877f-7571596c3b14,cadastral.audio,available,104.99,114.99,medium,low,9,namesilo,,,11/08/2026 12:39
6b45868e-e6d2-454b-94c2-6af94a5e01bd,cooper.audio,premium,845,845,high,low,6,namecheap,,,22/09/2026 08:17
1986c68f-212d-43f2-a816-8d54f16e6ed4,sopping.audio,available,104.99,114.99,medium,low,7,namesilo,,,14/09/2026 14:30
a9e4bf24-7ff7-402c-923f-78a55fc31625,changeling.audio,available,108.98,159.98,medium,low,10,namecheap,,,21/08/2026 20:30
d1788c38-7ddd-49ee-a688-e84bd0a20404,entirely.audio,available,104.99,114.99,high,low,8,namesilo,,,
8b5b9650-a1f9-45be-8874-1202bb0a4b55,samoan.audio,available,108.98,159.98,high,medium,6,namecheap,,,09/09/2026 21:09
052800cd-4da2-49d0-b4bf-e69585834b22,effectively.audio,available,93.35,103.4,high,low,11,spaceship,,,01/10/2026 04:53
c17534a4-f52a-4314-b7a8-42b9fffcb0df,eradicate.audio,available,108.98,159.98,high,low,9,namecheap,,,02/10/2026 06:42
6398e956-2f05-41da-a70d-909c01ee8e7f,nookie.audio,available,104.99,114.99,medium,low,6,namesilo,,,18/08/2026 17:31
f3d76839-bee4-4471-a19d-71402c707f7e,xlii.audio,available,104.99,114.99,medium,low,4,namesilo,,,
e41c4fa9-6ce4-4bf4-9587-0baf36555f18,roy.audio,premium,832,832,high,low,3,namesilo,,,25/09/2026 12:36
ef7532f2-0573-42fc-b7f0-d02a47575f32,clinical.audio,available,93.35,103.4,high,low,8,spaceship,,,01/10/2026 21:10
147a2366-1e8a-4f7b-a61a-c87a1dc716ab,debased.audio,available,104.99,114.99,medium,low,7,namesilo,,,
468d1b11-1545-4b1f-af57-a62f2be6516a,whispering.audio,available,104.99,114.99,high,low,10,namesilo,,,03/09/2026 11:10
a31fdd91-65ba-41c1-93cb-57150f945060,frankly.audio,available,104.99,114.99,high,low,7,namesilo,,,14/09/2026 05:08
d6ee2124-4aa6-40d9-9a0b-cbb818822e5b,astringent.audio,available,104.99,114.99,medium,low,10,namesilo,,,
5e92439f-87af-4d7c-a44d-c08decc9ad34,billions.audio,available,108.98,159.98,medium,low,8,namecheap,,,29/09/2026 06:04
c25f7c86-32aa-4367-a270-84193692dd5d,hymns.audio,available,108.98,159.98,high,low,5,namecheap,,,30/09/2026 15:32
80fa7411-ea58-4aae-9acd-1cae7f2bb4d1,attempting.audio,available,107.22,107.22,medium,low,10,dynadot,,,28/09/2026 12:29
a9ef09fe-779c-4316-9eb8-4a8e96560cf1,pectoral.audio,available,104.99,114.99,medium,low,8,namesilo,,,08/09/2026 11:58
0d336635-aca9-4c31-a83c-a2c475714736,berserker.audio,available,104.99,114.99,medium,low,9,namesilo,,,09/08/2026 15:17
2816829d-3a62-4944-943f-a7f233c62af3,axe.audio,available,100.2,100.2,high,low,3,cloudflare,,,28/09/2026 23:50
93e0f095-61a0-4ed4-ae3d-125bec63319a,billionaire.audio,available,104.99,114.99,high,low,11,namesilo,,,30/09/2026 03:33
88a4b237-7c7d-431c-a084-d01704813b86,translations.audio,available,104.99,114.99,medium,low,12,namesilo,,,02/10/2026 11:28
22114c91-2fcd-4e88-bf41-835c3b746ffb,mats.audio,available,103.5,103.5,high,low,4,porkbun,,,30/09/2026 14:06
3feda924-f968-4c8d-8f84-21659ec83999,linelike.audio,available,104.99,114.99,medium,low,8,namesilo,,,23/08/2026 15:03
fc611cc1-bae3-40ce-b9db-b61cffad4b86,mussy.audio,available,108.98,159.98,medium,low,5,namecheap,,,24/08/2026 21:24
6ae1c22c-bd70-4a55-95e1-6f35b115c67b,pleasures.audio,available,93.35,103.4,medium,low,9,spaceship,,,29/09/2026 16:55
909c2721-9ae5-447e-b4c6-cf1d019c4154,communist.audio,available,104.99,114.99,high,low,9,namesilo,,,23/09/2026 16:14
fc1d8438-36fd-4243-be32-a9558125d339,strong.audio,available,104.99,114.99,high,low,6,namesilo,,,25/09/2026 07:58
67762c4b-9c09-4c3e-a7e4-d23a47dd3cf8,diocesan.audio,available,104.99,114.99,medium,low,8,namesilo,,,14/08/2026 08:18
f5e9de1f-21c6-40ef-abb2-24ab39c6cde8,lamentably.audio,available,104.99,114.99,low,low,10,namesilo,,,14/09/2026 11:50
ff37129d-ecec-46c4-afab-48920241fca8,derek.audio,available,104.99,114.99,high,low,5,namesilo,,,25/09/2026 14:10
7ee5a336-1f26-42ee-b975-1ce820944cf1,tablespoons.audio,available,108.98,159.98,medium,low,11,namecheap,,,20/09/2026 10:16
39f3999a-ab7b-4c2e-9265-f37356b2bcb2,premarital.audio,available,104.99,114.99,high,low,10,namesilo,,,22/09/2026 06:09
bb83b454-dc10-4769-be27-ec3f25959338,mobilization.audio,available,93.35,103.4,high,low,12,spaceship,,,02/10/2026 01:20
aa3ef724-397c-4df6-a5db-5d47bc5e17be,comments.audio,available,104.99,114.99,medium,low,8,namesilo,,,17/09/2026 01:39
3ca3a0ad-cd35-4719-a349-9a8e1902964d,aftermath.audio,available,104.99,114.99,high,low,9,namesilo,,,17/09/2026 15:43
91a95d26-d985-4ce8-8845-8d63cbae3b5f,susurrant.audio,available,104.99,114.99,high,low,9,namesilo,,,03/09/2026 11:08
dfb2d2e8-7aef-4726-85a9-69882b6d5efc,lorraine.audio,available,104.99,114.99,high,low,8,namesilo,,,25/09/2026 09:09
789c6274-c1d9-404f-95f2-64b2cd119e1e,havoc.audio,available,93.35,103.4,high,low,5,spaceship,,,30/09/2026 10:05
d9beae22-ac78-492d-adb1-660236c89ecc,rightist.audio,available,104.99,114.99,medium,low,8,namesilo,,,09/09/2026 17:31
6d9deb60-9cc2-4e4e-88e6-3bb28be30f7a,trilateral.audio,available,104.99,114.99,medium,low,10,namesilo,,,11/09/2026 14:28
7d910a01-374c-40e6-ade3-d20703cc9c75,lean.audio,available,104.99,114.99,high,low,4,namesilo,,,22/08/2026 22:04
ad1ea4ae-f73a-483b-ba26-897f610ad855,asystole.audio,available,108.98,159.98,medium,low,8,namecheap,,,20/09/2026 18:57
504338f8-de82-40fe-9bf2-1c59a03835e0,hillside.audio,available,104.99,114.99,high,low,8,namesilo,,,29/09/2026 13:02
709c5679-edec-4741-8271-56d32385f262,skins.audio,available,108.98,159.98,high,low,5,namecheap,,,29/09/2026 05:06
edee5bf0-6ad4-44a9-a171-1e2878e35b53,partner.audio,available,108.98,159.98,high,low,7,namecheap,,,23/09/2026 11:42
6d9cd20e-3100-4d51-a365-babf51fc595e,bolingbroke.audio,available,108.98,159.98,medium,low,11,namecheap,,,02/10/2026 20:26
9cad3591-6071-4aa5-8071-9241ff350f57,warm.audio,premium,832,832,high,low,4,namesilo,,,21/09/2026 21:51
47391b71-9e8f-4cea-8415-e5ae71c8ee5e,neodymium.audio,available,104.99,114.99,medium,low,9,namesilo,,,20/09/2026 23:22
4acaf1cc-7913-4ea6-8ce9-fe82027ec906,skaters.audio,available,104.99,114.99,medium,low,7,namesilo,,,02/10/2026 13:55
79969201-58bb-4f7b-a2d2-c10de321e570,shipped.audio,available,93.35,103.4,medium,low,7,spaceship,,,28/09/2026 13:02
42158440-258d-4a9d-9bfe-fa41ba093279,iau.audio,available,93.35,103.4,medium,low,3,spaceship,,,02/10/2026 07:47
4dd2f7a0-828e-40a5-b20a-07ae5fff8a9b,readability.audio,available,104.99,114.99,high,low,11,namesilo,,,02/10/2026 11:47
a80c8062-ea1d-43dd-8c37-3c425d8c350a,discoveries.audio,available,104.99,114.99,medium,low,11,namesilo,,,30/09/2026 06:23
14f7ee37-808c-4772-80d6-03b5c379abf8,printer.audio,available,93.35,103.4,high,low,7,spaceship,,,28/09/2026 15:08
50dd09cc-b90f-4b49-be16-4bd03dc43290,prediction.audio,available,104.99,114.99,high,low,10,namesilo,,,29/09/2026 00:58
844f2c44-c5cf-4690-83b8-24235a1f03c8,expectations.audio,available,104.99,114.99,medium,low,12,namesilo,,,28/09/2026 08:38
c4319e3f-a612-4b03-a80c-90e3b802b5ad,roving.audio,available,104.99,114.99,high,low,6,namesilo,,,25/08/2026 02:22
f5d92409-85c6-42a7-93fa-2f16afa635ff,sternly.audio,available,104.99,114.99,medium,low,7,namesilo,,,16/09/2026 07:01
655aedab-c366-4d18-8dc4-c907014c656a,verma.audio,available,100.2,100.2,medium,low,5,cloudflare,,,02/10/2026 02:53
36c47167-7c55-4568-9cf6-55aeca58c756,rhett.audio,available,104.99,114.99,high,low,5,namesilo,,,02/10/2026 00:53
b9dd0b22-2486-47d0-bdcb-9c8e9d9d8b43,engraved.audio,available,104.99,114.99,high,low,8,namesilo,,,17/08/2026 07:40
e3f3900b-0ad9-406c-be15-8ddda4f6d582,zip.audio,premium,832,832,high,low,3,namesilo,,,03/09/2026 22:43
73512a62-1c25-442d-8008-9796549db756,ethiopian.audio,available,104.99,114.99,high,low,9,namesilo,,,17/08/2026 13:47
455fda02-8307-4f39-a4d0-fd017191e6a0,southwestern.audio,available,104.99,114.99,medium,low,12,namesilo,,,01/10/2026 16:25
2d5d02b3-1b89-427f-9e6c-8ffcc2226351,unlearned.audio,available,104.99,114.99,medium,low,9,namesilo,,,21/08/2026 18:31
ac96d015-b90c-48a5-872a-062df3d55153,faces.audio,available,104.99,114.99,medium,low,5,namesilo,,,
987a897a-a944-4576-a8a8-fce797786190,normalization.audio,available,93.35,103.4,medium,low,13,spaceship,,,29/09/2026 09:26
5b94bbe7-cc63-4f09-a8be-9b480b7ef587,combative.audio,available,108.98,159.98,medium,low,9,namecheap,,,
ff5c2ffb-b33d-48fa-b91c-5e000e4060bf,serene.audio,premium,832,832,high,low,6,namesilo,,,11/08/2026 14:51
62669070-af2f-403a-ab6e-e1373b54ce18,adapid.audio,available,108.98,159.98,low,low,6,namecheap,,,17/09/2026 06:24
1026fde5-6a77-4836-84a5-4f912cc6868f,tolerable.audio,available,108.98,159.98,medium,low,9,namecheap,,,24/09/2026 16:18
6d2c5b27-fd08-4d51-8f38-cc23bd033328,taut.audio,available,104.99,114.99,high,low,4,namesilo,,,11/09/2026 09:17
4d868b82-d28a-4cf2-b499-63a725564d3a,scythians.audio,available,107.22,107.22,medium,low,9,dynadot,,,02/10/2026 22:05
975bdb03-6339-4a6f-aef7-2e115b69eb67,instructional.audio,available,93.35,103.4,high,low,13,spaceship,,,03/10/2026 03:29
5fc93503-d575-4ea8-8126-6cd74e8be529,pattern.audio,available,104.99,114.99,high,low,7,namesilo,,,25/08/2026 02:49
042934b7-d24d-4d1a-82a9-9c17d82a3009,unseeing.audio,available,104.99,114.99,high,medium,8,namesilo,,,10/09/2026 07:57
2c815875-b3a3-46a9-9817-932960bb4b7c,airports.audio,available,93.35,103.4,medium,low,8,spaceship,,,30/09/2026 00:31
1a8c18ca-e1ce-4307-8d2b-b6d64928c2fa,percussive.audio,available,104.99,114.99,high,low,10,namesilo,,,08/09/2026 16:22
19a415dd-0cb5-4d24-8cd2-dafcf3f66a7b,cucumbers.audio,available,104.99,114.99,high,low,9,namesilo,,,20/09/2026 10:05
74caee6d-79ba-427b-b4a1-07bd63d9ca90,southern.audio,available,104.99,114.99,high,low,8,namesilo,,,27/09/2026 23:59
dc8fab28-8827-4f43-9e0b-9c5eca450a91,abor.audio,available,104.99,114.99,medium,low,4,namesilo,,,16/09/2026 16:36
b114fb46-b7d6-4938-8a88-9706f193c33a,incumbent.audio,available,104.99,114.99,high,low,9,namesilo,,,22/08/2026 02:03
72332e86-638f-4db4-9a43-16c625d5d779,bitok.audio,available,108.98,159.98,medium,low,5,namecheap,,,23/09/2026 22:40
7763d906-e5fc-4b07-9c5b-036ec8f10ce6,say.audio,available,104.99,114.99,high,low,3,namesilo,,,30/09/2026 06:12
ac2c208b-b799-43ce-91fd-c16ed9597c64,neck.audio,available,104.99,114.99,high,low,4,namesilo,,,29/09/2026 07:49
b8b4785f-faf7-4986-8d18-311c0671c6bb,leipzig.audio,available,100.2,100.2,high,low,7,cloudflare,,,02/10/2026 05:37
047f1351-447d-4dcc-84ae-cad4d3a81329,nonchalant.audio,available,104.99,114.99,high,low,10,namesilo,,,11/08/2026 20:36
56a2f293-33f0-4809-9661-5dff36cc3718,restraining.audio,available,104.99,114.99,medium,low,11,namesilo,,,29/09/2026 03:20
b7535c59-d3a7-4803-8116-2dbf1fce9b4d,surgery.audio,available,104.99,114.99,high,low,7,namesilo,,,02/10/2026 23:55
6b03c148-f84b-4848-973b-ca384c082285,constituents.audio,available,103.5,103.5,medium,low,12,porkbun,,,02/10/2026 03:34
b1162d4c-cb49-4cc5-932b-eee243cfffb0,ellison.audio,available,108.98,159.98,high,low,7,namecheap,,,27/09/2026 03:49
f4f8bb42-c4bb-429f-b629-2d3e549f775d,reconsider.audio,available,93.35,103.4,medium,low,10,spaceship,,,28/09/2026 20:52
5dbfa7a1-ae68-4a22-861e-125b43e74ea1,industries.audio,available,93.35,103.4,medium,low,10,spaceship,,,30/09/2026 14:25
f54eb019-f4f9-43ff-9b00-57e754898c29,chordate.audio,available,104.99,114.99,medium,low,8,namesilo,,,12/08/2026 07:12
173c262d-e6f0-4742-8e21-b0f312787a3f,cathodic.audio,available,104.99,114.99,medium,low,8,namesilo,,,11/08/2026 21:56
6e558884-1a4b-481a-a4b0-37fda109ce2a,dangers.audio,available,104.99,114.99,medium,low,7,namesilo,,,18/09/2026 04:42
4501779b-5405-42e5-be6b-ffbeaca30e70,momentous.audio,available,104.99,114.99,high,low,9,namesilo,,,25/08/2026 03:59
65fe45bb-7382-49f4-afe2-3fc9f0556764,abrasion.audio,available,104.99,114.99,medium,low,8,namesilo,,,16/09/2026 16:56
b03fd072-993e-482d-8b96-4bcba3bbc115,semiformal.audio,available,104.99,114.99,high,low,10,namesilo,,,10/08/2026 11:42
5e5d1606-ab65-4f4e-98d1-c27da408ca21,belts.audio,available,100.2,100.2,medium,low,5,cloudflare,,,28/09/2026 09:04
d8b6a557-7e11-4cc2-b8e7-a0748347159f,delivery.audio,available,104.99,114.99,high,low,8,namesilo,,,29/09/2026 04:21
b520d1e4-2389-4f4b-a098-a3d7ab1bfc1a,globally.audio,available,104.99,114.99,high,low,8,namesilo,,,14/09/2026 21:41
b0a3138e-9533-463e-a3e5-3c466c22b6f0,protestant.audio,available,104.99,114.99,high,low,10,namesilo,,,09/09/2026 04:08
0da3e826-0fa0-4bc4-bc72-bd863d7b1717,etiologic.audio,available,104.99,114.99,medium,low,9,namesilo,,,
2039e0a7-6681-4850-ba3c-786ad5d39a1a,iliac.audio,available,104.99,114.99,medium,low,5,namesilo,,,21/08/2026 18:45
be84b2e3-8e11-4e9e-add3-e61786c442a2,smell.audio,available,93.35,103.4,high,low,5,spaceship,,,27/09/2026 22:50
37363d57-0f38-4c05-bc91-8ce32b7bc5ab,prone.audio,available,104.99,114.99,medium,low,5,namesilo,,,27/09/2026 07:37
6e969a6f-fcc8-4da7-869c-bc231060c3ac,huai.audio,available,104.99,114.99,medium,low,4,namesilo,,,03/10/2026 04:29
3fe22a1a-bcb9-450f-9b70-350b42b8b185,bifurcated.audio,available,108.98,159.98,medium,low,10,namecheap,,,09/08/2026 20:24
88bb1e56-691f-42da-82d4-8dc17c6256af,teton.audio,available,214.99,214.99,high,low,5,godaddy,,,30/09/2026 02:07
739de43c-4ebe-458b-a40a-1487932a8462,darrow.audio,available,93.35,103.4,medium,low,6,spaceship,,,30/09/2026 09:12
85fe80e1-4e20-4694-9799-074ad99e6ac4,arbalist.audio,available,104.99,114.99,medium,low,8,namesilo,,,20/09/2026 00:35
acea5114-8052-4844-b276-fedb7fd1892c,contest.audio,available,93.35,103.4,high,low,7,spaceship,,,29/09/2026 11:25
d3b91f3e-d411-4a5d-9d36-0faae1da5983,radiography.audio,available,93.35,103.4,high,low,11,spaceship,,,30/09/2026 23:27
aa5e80ff-0098-4446-ae79-15d166c3fdab,baptisia.audio,available,104.99,114.99,medium,low,8,namesilo,,,22/09/2026 03:24
9038b838-1ec6-427d-af54-8d62290ffa2d,peterborough.audio,available,103.5,103.5,medium,low,12,porkbun,,,28/09/2026 07:36
aa3c3cc3-36de-46a5-b3e9-8792746dfd23,thea.audio,available,104.99,114.99,high,low,4,namesilo,,,30/09/2026 11:10
792d5ca2-e101-4e89-8769-3d97aaa0a736,lichtenstein.audio,available,104.99,114.99,medium,low,12,namesilo,,,30/09/2026 13:33
c65e098e-6a8d-43fa-8ceb-bedf59bc4dba,ith.audio,available,93.35,103.4,medium,low,3,spaceship,,,02/10/2026 17:36
ab506021-ddce-4748-ba69-f1c2a35f1fd4,luckily.audio,available,108.98,159.98,high,low,7,namecheap,,,13/09/2026 21:22
49c5c609-cae3-4dca-9fc7-545ad81c4cd2,noetic.audio,available,104.99,114.99,high,low,6,namesilo,,,22/08/2026 07:52
7dfa2585-f9bf-4983-81eb-a5791e4320d7,tamely.audio,available,104.99,114.99,medium,low,6,namesilo,,,16/09/2026 07:53
d6600752-b45b-465a-9f52-995e6890cbd0,chemotherapy.audio,available,100.2,100.2,medium,low,12,cloudflare,,,29/09/2026 16:06
ca3c7dca-7394-4019-86db-acdd5d8efcd2,boise.audio,available,103.5,103.5,high,low,5,porkbun,,,30/09/2026 16:28
02310f5d-972b-4bad-9e20-791b7a2d9adf,blended.audio,available,104.99,114.99,high,low,7,namesilo,,,10/08/2026 14:14
cfec781e-442e-44b7-a859-cd6b45163075,lottie.audio,available,100.2,100.2,medium,low,6,cloudflare,,,01/10/2026 08:49
5f528745-aa5c-4bce-8fd2-29bc64c32f5e,liberals.audio,available,104.99,114.99,medium,low,8,namesilo,,,01/10/2026 17:10
d8861a62-bb99-4af4-9364-8f4ad50cf9b3,portland.audio,premium,672.95,672.95,high,low,8,spaceship,,,30/09/2026 07:12
0321a0ca-9a3d-4c4d-8bd4-601380fbcc54,chimneys.audio,available,107.22,107.22,medium,low,8,dynadot,,,02/10/2026 13:29
8af6379e-b31c-483a-8e42-c0a5e462b30c,postmortem.audio,available,104.99,114.99,medium,low,10,namesilo,,,09/09/2026 00:31
339ded6c-3244-428f-8aba-57ba1ffd9121,deserving.audio,available,104.99,114.99,high,low,9,namesilo,,,14/08/2026 03:29
982346a0-d259-4404-aebf-05594bc97f95,sbs.audio,available,104.99,114.99,high,low,3,namesilo,,,29/09/2026 03:45
5936c938-b8bf-4085-9b24-b4bb48fb5f18,waiver.audio,available,100.2,100.2,high,low,6,cloudflare,,,01/10/2026 04:07
b58d4e2e-4147-4825-af47-6f0fc12e6f94,satisfied.audio,available,104.99,114.99,high,low,9,namesilo,,,27/09/2026 09:14
774d7cdd-3ddc-40f8-b388-cbe54a4c0765,illinois.audio,available,108.98,159.98,high,low,8,namecheap,,,21/08/2026 18:40
a42dd46e-66c1-4027-85fd-28fb62b0a904,arguing.audio,available,104.99,114.99,medium,low,7,namesilo,,,20/09/2026 04:50
408cb8d7-0294-423c-a1e4-42b7e6f90021,frisian.audio,available,104.99,114.99,medium,low,7,namesilo,,,18/08/2026 15:59
02b7f366-ac36-4974-ad37-1eb46e15c2c3,torpedoes.audio,available,93.35,103.4,low,low,9,spaceship,,,29/09/2026 11:10
10dcd8cf-669a-4d00-a204-23d684010284,explanations.audio,available,104.99,114.99,medium,low,12,namesilo,,,17/09/2026 10:05
f7c5e8ea-4a67-450a-816e-8a9c13bf56d2,disk.audio,available,104.99,114.99,high,low,4,namesilo,,,29/09/2026 15:10
0ee5226f-b4bf-46e8-9634-02402a2f34f0,nilsson.audio,available,103.5,103.5,high,low,7,porkbun,,,29/09/2026 00:16
747e0237-395f-48c7-87d1-a836c03affba,taoist.audio,available,104.99,114.99,high,low,6,namesilo,,,11/09/2026 08:11
b2e4690e-6c44-4f08-bd3e-057e3703042e,will.audio,available,108.98,159.98,high,medium,4,namecheap,,,30/09/2026 14:37
da4610f5-ca0c-4fca-93fd-1186b586ca38,overgrowth.audio,available,93.35,103.4,high,low,10,spaceship,,,01/10/2026 19:47
cfc04cdb-3725-40a0-9019-b462bfbeedad,undisciplined.audio,available,103.5,103.5,medium,low,13,porkbun,,,01/10/2026 06:56
d21b24a2-3380-4a37-97a1-6c2b78171df4,hips.audio,available,104.99,114.99,medium,low,4,namesilo,,,28/09/2026 22:48
c569d2bf-7da2-4548-88d7-3dbc38f52c38,barkeep.audio,available,108.98,159.98,high,low,7,namecheap,,,22/09/2026 06:22
8503685e-2c8b-41c6-8438-35fae586123f,nates.audio,available,104.99,114.99,medium,low,5,namesilo,,,09/08/2026 10:31
fa13a899-0d7d-49f3-8b55-812fd75e014a,widely.audio,available,107.22,107.22,medium,low,6,dynadot,,,28/09/2026 16:47
b588efd0-dc2b-4898-bd77-77ad98d3e0f5,cls.audio,available,107.22,107.22,high,low,3,dynadot,,,30/09/2026 21:33
0378dbc0-1b33-45fa-9213-c7da46accd2d,mackie.audio,premium,715,715,medium,low,6,dynadot,,,30/09/2026 05:44
bd53958b-886d-4eb7-85be-730934f3a826,shakes.audio,available,93.35,103.4,medium,low,6,spaceship,,,29/09/2026 17:26
1429af95-b102-4979-b9bf-9bb08acd187c,inspected.audio,available,104.99,114.99,medium,low,9,namesilo,,,01/10/2026 16:29
c95c42c6-c2ce-4aad-9059-18ba16c512c5,aguacate.audio,available,104.99,114.99,high,low,8,namesilo,,,07/08/2026 23:46
1c67fa86-b88a-44b3-a074-45ddc2e909cb,unwrapped.audio,available,104.99,114.99,medium,low,9,namesilo,,,12/09/2026 22:53
a8724d05-9d88-4d88-9820-930317939a52,dominos.audio,available,104.99,114.99,high,low,7,namesilo,,,24/09/2026 23:28
6fd9f160-0a12-46d2-aa52-4f65abe4e6b0,bag.audio,premium,832,832,high,low,3,namesilo,,,04/09/2026 13:24
1a0f7313-434d-4de9-9cf3-a7f5ccc1395d,bellflower.audio,available,108.98,159.98,high,low,10,namecheap,,,23/09/2026 06:06
0c568c48-c9d8-4736-a5bd-c5f166e96102,readily.audio,available,104.99,114.99,medium,low,7,namesilo,,,15/09/2026 21:42
3ab2bc7b-f7a0-4053-9413-1f4d4c1c0d99,html.audio,available,93.35,103.4,high,low,4,spaceship,,,29/09/2026 23:08
4fec5406-9e78-448d-9fd4-aedad9952045,bothersome.audio,available,104.99,114.99,medium,low,10,namesilo,,,
d9fa02ef-c897-4267-888b-ca7ed3ff119e,privacy.audio,available,104.99,114.99,high,medium,7,namesilo,,,24/09/2026 17:03
e3defa74-21ae-4937-9dd1-b8c494982f7b,peeved.audio,available,104.99,114.99,medium,low,6,namesilo,,,
5ce37de3-cb20-4429-a272-b970c0dd4250,johannesburg.audio,available,104.99,114.99,high,low,12,namesilo,,,02/10/2026 08:19
6d02ff47-5538-47a5-93c1-bcaea2c22dac,unsightly.audio,available,108.98,159.98,medium,low,9,namecheap,,,12/09/2026 19:53
01498140-4d52-474a-bc56-fe28283505c0,ismail.audio,available,104.99,114.99,medium,low,6,namesilo,,,28/09/2026 11:55
a1a6fc53-58e5-440e-9c31-c0a397fa8bd4,sensation.audio,available,104.99,114.99,high,low,9,namesilo,,,21/09/2026 17:34
74095b81-50a8-41d8-a748-31681d694a07,framework.audio,available,104.99,114.99,high,low,9,namesilo,,,25/08/2026 02:30
4e40645e-d48f-4008-938c-d370374fbe9c,hairdryers.audio,available,108.98,159.98,medium,low,10,namecheap,,,20/09/2026 13:02
36b40ace-533e-4e33-8a96-f8700b67b7f5,anlage.audio,available,104.99,114.99,medium,low,6,namesilo,,,19/09/2026 09:53
235ec4ad-34f6-42eb-8612-ec687f31ecb9,glial.audio,available,104.99,114.99,medium,low,5,namesilo,,,20/08/2026 14:24
37780a21-ec92-460e-b7ac-fcf8d497eeda,facial.audio,available,108.98,159.98,high,low,6,namecheap,,,17/08/2026 20:25
3cccd69e-a24b-4815-a07f-0234b061448d,percival.audio,available,93.35,103.4,high,low,8,spaceship,,,28/09/2026 16:27
e19e4c4c-cd0e-4d67-b044-9d8ef2db0a31,algren.audio,available,104.99,114.99,medium,low,6,namesilo,,,18/09/2026 07:18
4a160dff-09b5-40f6-8684-d856d2073695,collaborator.audio,available,93.35,103.4,high,low,12,spaceship,,,30/09/2026 12:19
d459cebc-e300-47db-8e4a-59561224bfd0,perished.audio,available,104.99,114.99,low,low,8,namesilo,,,29/09/2026 23:59
2a36a13c-5a86-4d79-bfc0-b98537325da5,blazonry.audio,available,108.98,159.98,medium,low,8,namecheap,,,24/09/2026 05:06
927ce9cc-48ed-491f-9cc2-f7ad900efb6a,greenish.audio,available,299.99,299.99,medium,low,8,name.com,,,13/08/2026 18:01
295bd3c2-2b6f-4d04-b6e2-dcb93897b079,victim.audio,available,104.99,114.99,high,low,6,namesilo,,,29/09/2026 17:12
dc2954dd-6ff0-451b-8751-fa21af197b9c,latino.audio,available,104.99,114.99,high,low,6,namesilo,,,21/08/2026 09:46
84e8a3d6-6db9-4e88-ad09-b575f71fafd1,opal.audio,available,104.99,114.99,high,low,4,namesilo,,,30/09/2026 06:08
a97292a9-be37-46aa-9a71-a8d50daed99e,imprisoned.audio,available,108.98,159.98,medium,low,10,namecheap,,,11/08/2026 18:22
1a8a13af-e267-4a73-ae78-db42a9bb4146,uplifted.audio,available,104.99,114.99,high,low,8,namesilo,,,12/09/2026 23:11
f1c49344-a5f1-4c01-b973-e230275a8146,paddlefish.audio,available,104.99,114.99,medium,low,10,namesilo,,,14/08/2026 20:48
e46baf78-69bd-4fa5-ae26-3172dd2ca7f8,aranyaka.audio,available,104.99,114.99,medium,low,8,namesilo,,,20/09/2026 00:08
d84af825-8f66-46ba-bbe4-d994196a732e,sba.audio,available,93.35,103.4,high,low,3,spaceship,,,30/09/2026 11:00
5227b8dc-1b98-44b3-bc83-d612861f6c5a,parking.audio,available,104.99,114.99,high,low,7,namesilo,,,25/09/2026 23:56
625277d3-aa2c-4b6e-9cb2-fd6cac97ddf1,admonition.audio,available,104.99,114.99,medium,low,10,namesilo,,,17/09/2026 09:03
ea899280-15d1-4f11-bbb3-652788ddc7d6,blockage.audio,available,93.35,103.4,high,low,8,spaceship,,,02/10/2026 23:36
14b13588-ffd5-4caf-9567-abd14492fcbd,divisions.audio,available,107.22,107.22,medium,low,9,dynadot,,,29/09/2026 04:40
a9761863-4fad-42fe-b5a7-88377d6d81fc,documenting.audio,available,100.2,100.2,high,low,11,cloudflare,,,02/10/2026 03:07
0a742d17-8088-4a23-914b-3fc41ac6867e,portray.audio,available,100.2,100.2,high,low,7,cloudflare,,,30/09/2026 11:22
0167bb38-fb9d-4878-8d69-17305f4f7e6b,bilsted.audio,available,108.98,159.98,medium,low,7,namecheap,,,18/09/2026 20:49
06a7e857-291d-4dbd-9a3a-e4964fbcd86e,lame.audio,available,104.99,114.99,high,low,4,namesilo,,,13/08/2026 07:03
bc4aede8-1d1e-4cdd-a96e-87622d84d96f,legislative.audio,available,93.35,103.4,high,low,11,spaceship,,,01/10/2026 07:23
e8209827-1df3-4d70-b272-39a1631a11b3,nuggets.audio,available,93.35,103.4,medium,low,7,spaceship,,,02/10/2026 22:30
bf8c6b18-5cdf-4971-89c2-762c8a654a30,penetrating.audio,available,93.35,103.4,medium,low,11,spaceship,,,29/09/2026 14:35
690d9704-133e-4064-a629-6f350eacd920,storms.audio,available,104.99,114.99,medium,low,6,namesilo,,,17/09/2026 15:55
7550e054-9f49-4d82-9d88-eeedf0ada3fd,vowels.audio,available,104.99,114.99,medium,low,6,namesilo,,,20/09/2026 00:07
e348605d-3f6d-4712-abd7-adc43f1328a5,gans.audio,available,104.99,114.99,low,low,4,namesilo,,,02/10/2026 11:15
9846af14-f331-40e4-bae3-b6a067a0f90e,nectarous.audio,available,104.99,114.99,medium,low,9,namesilo,,,
d76a1167-c139-4d95-b5a5-c46c0e468731,apophthegm.audio,available,104.99,114.99,medium,low,10,namesilo,,,19/09/2026 17:11
debae2ef-f7c9-446e-b874-5f8ac7cd7d71,beside.audio,available,100.2,100.2,high,low,6,cloudflare,,,01/10/2026 03:19
ddd9fbf9-17e6-42fd-9239-6e3e0883300a,shaft.audio,available,93.35,103.4,high,low,5,spaceship,,,29/09/2026 01:04
136bb221-b71f-4487-92b4-85c7599e80ce,shopworn.audio,available,104.99,114.99,low,low,8,namesilo,,,08/08/2026 11:06
c419abd2-57ed-4aad-813e-12ef1f968979,contrite.audio,available,104.99,114.99,high,low,8,namesilo,,,12/08/2026 23:34
01723616-1c3c-4652-8e21-2827eb4477f0,act.audio,available,100.2,100.2,high,medium,3,cloudflare,,,28/09/2026 18:03
ff541e4b-89bc-46a9-b582-1bfa72de80fa,romp.audio,available,108.98,159.98,high,low,4,namecheap,,,09/09/2026 19:26
97eb8248-b180-4b65-83a8-33c76e2bcb59,flowers.audio,available,93.35,103.4,high,medium,7,spaceship,,,02/10/2026 13:54
3f854501-185f-49ab-916b-c1a232ab8462,responder.audio,available,104.99,114.99,high,low,9,namesilo,,,19/09/2026 12:12
6c74edcd-b102-4190-b454-64d8adfa1e3e,hers.audio,available,108.98,159.98,high,high,4,namecheap,,,26/09/2026 03:23
77868369-91ad-4628-8e52-11a8fc99e7b5,lasts.audio,available,103.5,103.5,low,low,5,porkbun,,,28/09/2026 09:03
2cf732bd-5013-47cd-838a-233902b91039,lawsuit.audio,available,108.98,159.98,high,low,7,namecheap,,,28/09/2026 05:25
a744c15a-d143-4330-ab76-c3c23f041cd6,urbane.audio,available,104.99,114.99,high,low,6,namesilo,,,11/09/2026 04:57
83223891-bfe4-452a-baff-b8498698d0c8,precordial.audio,available,104.99,114.99,high,medium,10,namesilo,,,09/09/2026 01:19
c0de9c16-6084-4f08-bb63-a4463aa6e2cd,workaday.audio,available,104.99,114.99,medium,low,8,namesilo,,,17/08/2026 14:58
e207bb86-d6ea-44fe-b376-b1c982383477,shape.audio,available,104.99,114.99,high,low,5,namesilo,,,29/09/2026 03:13
8a5903e7-4da4-4276-a0e1-56a792e4241c,meeter.audio,available,104.99,114.99,medium,low,6,namesilo,,,21/09/2026 01:27
b3a7cf2f-8d1c-4eaa-979e-ba8e4a8a3cdf,fueled.audio,available,104.99,114.99,medium,low,6,namesilo,,,18/08/2026 17:37
a40a85a0-672f-4cf0-86f7-a242c4381b84,tropical.audio,available,108.98,159.98,high,low,8,namecheap,,,11/09/2026 20:24
eb8923df-2278-41c2-b477-d67dc2d65562,bhutanese.audio,available,108.98,159.98,medium,low,9,namecheap,,,09/08/2026 18:24
2c8c3965-2869-4ea4-80ed-06ae71fa29b5,thence.audio,available,104.99,114.99,medium,low,6,namesilo,,,15/09/2026 00:13
adcd37a8-8ea1-44f7-ba4d-7e4646d11132,zoophagous.audio,available,104.99,114.99,low,low,10,namesilo,,,18/08/2026 07:58
bbc9abf0-5137-4dec-b087-2f5a794c521a,incurably.audio,available,104.99,114.99,medium,low,9,namesilo,,,15/09/2026 07:45
8ad2cc03-01f4-4c56-9a0d-938b0130201d,herman.audio,available,214.99,214.99,high,low,6,godaddy,,,28/09/2026 02:07
255a0927-355f-4dc7-b711-7477e0bea80c,repository.audio,available,108.98,159.98,high,low,10,namecheap,,,24/09/2026 21:59
0750a0ab-9f8e-4dd9-9696-2af65248ae79,cant.audio,available,104.99,114.99,medium,low,4,namesilo,,,13/09/2026 04:09
12272402-0b70-4bce-9b4e-4321d7a6b27e,accented.audio,available,,,medium,low,8,,,,
0b153dfd-bebc-4458-aa17-e68f7384a659,abstinent.audio,available,104.99,114.99,high,low,9,namesilo,,,
f9da5a6d-cccc-4d20-929e-1e7cf09acc26,estonian.audio,available,104.99,114.99,high,low,8,namesilo,,,17/08/2026 13:27
47d06d36-ff9a-4cfa-a36a-e1cb1591672e,paula.audio,available,104.99,114.99,high,low,5,namesilo,,,25/09/2026 14:33
a7d50322-aa27-4570-bbe0-391a95fc479b,sly.audio,available,108.98,159.98,high,low,3,namecheap,,,24/09/2026 01:29
495789c0-18cb-47a2-893d-a36c290c0094,armagnac.audio,available,108.98,159.98,medium,low,8,namecheap,,,20/09/2026 06:29
8418bc12-9227-4922-a8ba-bd0f65ab9e43,careless.audio,available,104.99,114.99,high,low,8,namesilo,,,23/09/2026 12:52
26edb591-ebd9-4c93-a902-c22a5f8f443f,entrance.audio,available,104.99,114.99,high,low,8,namesilo,,,22/08/2026 01:46
56dbd30d-7091-4bfb-8028-4c9915c407a5,affectionate.audio,available,214.99,214.99,high,low,12,godaddy,,,01/10/2026 00:35
3efa9617-1825-47e2-9e13-819cfa046cbe,peregrine.audio,premium,2600,2600,medium,low,9,namecheap,,,25/08/2026 02:20
3f69e221-b459-4876-a7f7-63f2ed2043ce,stably.audio,available,104.99,114.99,high,low,6,namesilo,,,16/09/2026 06:43
9662888a-637b-468a-8560-04c65feec4d2,wanderer.audio,available,108.98,159.98,high,low,8,namecheap,,,23/09/2026 20:11
52d102ab-6f8b-41aa-a015-f152edcd3496,tyre.audio,available,93.35,103.4,high,low,4,spaceship,,,29/09/2026 08:11
d31815bf-fe24-4bdc-8ebb-dfb5a7f5a787,edgeless.audio,available,104.99,114.99,high,low,8,namesilo,,,15/08/2026 08:37
d1586eb7-1ce7-4003-b38f-9e6c03033162,unborn.audio,available,104.99,114.99,high,low,6,namesilo,,,12/09/2026 02:23
4160f9a7-c6d8-4114-8287-77b1ef9e1a9d,defensive.audio,available,104.99,114.99,high,low,9,namesilo,,,13/08/2026 23:15
e8897ea7-7031-44c9-a903-439e3758914b,precolumbian.audio,available,107.22,107.22,medium,low,13,dynadot,,,02/10/2026 21:03
806f7fa0-b36a-499a-8953-e82dbb8f7395,abbot.audio,available,104.99,114.99,medium,low,5,namesilo,,,16/09/2026 14:31
4e832e96-d99f-46cc-be81-b238bcda724f,tamanoir.audio,available,104.99,114.99,medium,low,8,namesilo,,,19/09/2026 12:16
8bd3037d-a97a-40ab-b182-e8ef9d661ed7,winners.audio,available,104.99,114.99,high,high,7,namesilo,,,19/09/2026 23:22
bb7cedef-e8a7-4e5a-8857-107338875f84,latvian.audio,available,108.98,159.98,high,low,7,namecheap,,,22/08/2026 20:47
8343b132-ed16-4823-9335-3ec625eb735a,fixing.audio,available,104.99,114.99,high,low,6,namesilo,,,18/09/2026 14:47
edc0cc4f-e94e-45b0-83fb-68f650866800,legitimate.audio,available,104.99,114.99,high,low,10,namesilo,,,22/08/2026 23:04
6de521cc-bb9a-42f6-95c4-22f51189e7a5,sise.audio,available,104.99,114.99,medium,low,4,namesilo,,,
8272762f-630e-467c-8edf-4864af506d1c,voigt.audio,available,108.98,159.98,high,low,5,namecheap,,,02/10/2026 00:35
8c7828ff-1d24-4b65-a230-b2892f45afc5,dagger.audio,available,108.98,159.98,high,low,6,namecheap,,,24/09/2026 20:52
b93926cb-3401-4d35-96b4-42ad1d716589,triangular.audio,available,104.99,114.99,high,low,10,namesilo,,,11/09/2026 14:30
44e4aef0-678b-4fd3-a6b8-92fd13f7df66,syracuse.audio,available,108.98,159.98,high,low,8,namecheap,,,29/09/2026 20:20
426f10d8-ca89-4b97-98fd-1ac4852dd942,shade.audio,available,214.99,214.99,high,low,5,godaddy,,,28/09/2026 02:00
0f10e07d-9343-4108-9249-07726b119945,qualitative.audio,available,103.5,103.5,high,low,11,porkbun,,,30/09/2026 21:34
6bd20f07-7c47-4658-b74f-607dfbca435b,chorally.audio,available,104.99,114.99,high,low,8,namesilo,,,14/09/2026 06:49
3ed841fd-ff8c-43a1-9c9e-d93341beb3c1,sulphur.audio,available,104.99,114.99,medium,low,7,namesilo,,,20/09/2026 22:29
39df9378-514e-4847-9093-dc66a1a6f3d6,vacations.audio,available,104.99,114.99,medium,low,9,namesilo,,,20/09/2026 00:12
8dfe5771-8ce6-4510-8472-3e63cb021dab,wilks.audio,available,93.35,103.4,medium,low,5,spaceship,,,02/10/2026 21:54
537f3109-f8af-4f8d-8994-d79e1092242a,neophyte.audio,available,104.99,114.99,medium,low,8,namesilo,,,18/08/2026 07:34
b6b973f5-ff1d-4e7b-b3b3-996ce68fc01c,favoured.audio,available,93.35,103.4,high,low,8,spaceship,,,03/10/2026 02:54
d6fc6b49-4597-4360-9283-0021185c8716,aare.audio,available,104.99,114.99,high,low,4,namesilo,,,16/09/2026 13:18
dfbdb29f-1795-4684-86ce-d5cf824633b9,mic.audio,available,107.22,107.22,high,low,3,dynadot,,,30/09/2026 03:43
a8541126-b0b3-42a4-a897-a0e92d3c535a,trait.audio,available,100.2,100.2,high,low,5,cloudflare,,,29/09/2026 08:15
e3b5915d-bb87-4106-a061-742a267bf861,victories.audio,available,104.99,114.99,medium,low,9,namesilo,,,18/09/2026 09:23
e1d85e37-cecb-42b5-a3f7-7d136578983d,harassment.audio,available,104.99,114.99,medium,low,10,namesilo,,,27/09/2026 13:56
1a2c7ab9-6c7a-49e7-b19d-51237c04d441,oft.audio,available,108.98,159.98,high,low,3,namecheap,,,14/09/2026 20:06
848d1202-e937-4ada-82ea-184ad7a7e90f,crosstown.audio,available,104.99,114.99,medium,low,9,namesilo,,,13/08/2026 08:13
6800525c-a7ab-424c-9d18-f396ec8fca7a,canned.audio,available,104.99,114.99,high,low,6,namesilo,,,11/08/2026 17:10
4cad5bfd-6649-4e94-b0a1-a397068768bb,barnsley.audio,available,104.99,114.99,medium,low,8,namesilo,,,30/09/2026 15:02
251c090b-fe1e-49e1-a9df-86d6867d09f6,crushing.audio,available,104.99,114.99,high,low,8,namesilo,,,13/08/2026 09:13
1de33c38-5dcb-4803-9a84-a5e258f30191,antiquark.audio,available,108.98,159.98,medium,low,9,namecheap,,,19/09/2026 15:02
2e9f4a17-def8-435f-9756-5baac842f2fc,feasting.audio,available,104.99,114.99,high,low,8,namesilo,,,22/09/2026 03:07
da4895d5-2652-4dfc-9bcb-84dbed48c361,dismissive.audio,available,104.99,114.99,medium,low,10,namesilo,,,14/08/2026 11:49
e85efc44-0e02-485f-888b-a9f5c685b9a1,hostelry.audio,available,104.99,114.99,medium,low,8,namesilo,,,21/09/2026 02:26
f74e4472-c778-475f-a89e-8d786620f1cb,borrowed.audio,available,108.98,159.98,medium,low,8,namecheap,,,27/09/2026 09:49
5476fb86-ae29-4c91-ad4f-8b46b33d6acf,intercept.audio,available,104.99,114.99,high,low,9,namesilo,,,28/09/2026 06:03
1636eb0f-1316-41a1-b8e8-6933e065e250,dillard.audio,available,93.35,103.4,medium,low,7,spaceship,,,30/09/2026 05:29
9f489551-ec96-4b95-87a1-fb57db113038,anode.audio,available,104.99,114.99,high,low,5,namesilo,,,19/09/2026 11:14
ec94f9ce-4212-4fb1-91d2-179467dc562b,epp.audio,available,93.35,103.4,high,low,3,spaceship,,,02/10/2026 07:59
803d2f93-946b-4d36-9f50-f9665d8c45b0,kampala.audio,available,104.99,114.99,high,low,7,namesilo,,,24/09/2026 12:28
80de0b34-0fe9-41c0-ab97-ea178f250f39,undeterred.audio,available,104.99,114.99,medium,low,10,namesilo,,,12/09/2026 07:59
5d4fcdec-4757-4258-9742-c7fe42cd2a02,towed.audio,available,159.98,,medium,low,5,namecheap,,,
2afe16d2-7d56-4cf6-82e5-e3e897b13552,overweight.audio,available,104.99,114.99,high,low,10,namesilo,,,18/08/2026 08:04
b2e5001b-2923-4228-ad98-f05148c8a319,numbered.audio,available,93.35,103.4,medium,low,8,spaceship,,,29/09/2026 10:20
7b0bc5ea-c9cf-4b6f-bb32-ffb93729fab2,mortality.audio,available,107.22,107.22,medium,low,9,dynadot,,,29/09/2026 06:35
fdb5f679-95a4-4280-9d3f-a81835451828,canceled.audio,available,103.5,90.93,medium,low,8,porkbun,,,27/09/2026 22:41
7988fb8b-25e9-4f84-b39a-9dde8a8fbca5,sallie.audio,available,93.35,103.4,medium,low,6,spaceship,,,30/09/2026 21:12
c0296add-cc25-47ab-a9ae-57f63a7d1db4,cyclonic.audio,available,299.99,299.99,medium,low,8,name.com,,,13/08/2026 13:42
405899a9-9e4d-4111-8ff2-38b2846c3911,vicksburg.audio,available,93.35,103.4,medium,low,9,spaceship,,,28/09/2026 03:05
2a597bab-392e-429c-a496-180f2a998e3e,gorky.audio,available,104.99,114.99,high,low,5,namesilo,,,18/09/2026 05:08
e1106b4c-b0b8-4aef-967f-ee15a40440a0,autopsy.audio,available,104.99,114.99,high,low,7,namesilo,,,21/09/2026 07:38
e5bb642e-661c-4fe4-b9e7-6b09b1dd71d0,extermination.audio,available,93.35,103.4,medium,low,13,spaceship,,,29/09/2026 23:26
8c8e4bfc-1710-4f98-b7ab-053839a5c316,mum.audio,available,104.99,114.99,high,low,3,namesilo,,,25/09/2026 22:08
a6c8d2c2-b238-4b6f-8029-644ddb812ccb,shotgun.audio,available,104.99,114.99,high,low,7,namesilo,,,26/09/2026 00:14
460277b0-460d-4679-a2a9-4a27d92c74dd,recusant.audio,available,104.99,114.99,medium,low,8,namesilo,,,14/08/2026 12:28